First_Name,Last_Name,Age,Department_Region,Status,Salary,Phone,Performance_Score,Remote_Work
Bob,Davis,25.0,DevOps-California,Active,59767.65,-1651623197,Average,True
Bob,Brown,32.48454882571075,Finance-Texas,Active,65304.66,-1898471390,Excellent,True
Alice,Jones,32.48454882571075,Admin-Nevada,Pending,88145.9,-5596363211,Good,True
Eva,Davis,25.0,Admin-Nevada,Inactive,69450.99,-3476490784,Good,True
Frank,Williams,25.0,Cloud Tech-Florida,Active,109324.61,-1586734256,Poor,False
Alice,Garcia,40.0,Sales-Texas,Inactive,88642.84,-5409003485,Good,False
Frank,Jones,32.48454882571075,Admin-Nevada,Active,96288.43,-4518376063,Good,False
Bob,Jones,30.0,Cloud Tech-Florida,Inactive,94497.91,-4134327559,Average,True
Frank,Davis,35.0,Admin-Nevada,Inactive,115565.82,-4177656123,Excellent,True
Charlie,Johnson,32.48454882571075,DevOps-New York,Active,76561.88,-8156985699,Excellent,True
David,Williams,35.0,Cloud Tech-New York,Active,72081.71,-2720634590,Average,False
David,Davis,32.48454882571075,DevOps-California,Active,84946.19,-1238296576,Poor,True
Heidi,Williams,30.0,HR-New York,Active,89295.77,-2429543164,Excellent,False
Grace,Williams,32.48454882571075,Finance-California,Active,85666.84,-2669300892,Good,False
Alice,Garcia,25.0,Admin-Nevada,Active,97633.68,-1734206968,Excellent,True
Grace,Jones,40.0,Sales-Florida,Pending,117975.49,-4215291085,Good,True
Alice,Brown,25.0,DevOps-Illinois,Inactive,94867.33,-7713334475,Poor,False
Grace,Garcia,30.0,Finance-Texas,Pending,100377.65,-2639343625,Average,True
Charlie,Garcia,32.48454882571075,Cloud Tech-Nevada,Inactive,94726.46,-2044397358,Excellent,False
Charlie,Williams,35.0,Admin-Illinois,Pending,91926.12,-7107256365,Average,True
Bob,Miller,35.0,HR-New York,Active,111460.67,-9411800536,Excellent,True
Bob,Jones,40.0,Cloud Tech-Illinois,Active,96182.56,-5990048963,Good,False
Charlie,Johnson,35.0,Sales-Illinois,Inactive,115023.94,-6528092427,Average,True
David,Garcia,35.0,Finance-Nevada,Pending,80667.01,-7572158623,Excellent,False
Bob,Brown,30.0,Admin-Texas,Inactive,91181.61,-1502745643,Good,True
David,Miller,25.0,Cloud Tech-Nevada,Pending,66025.92,-9485625727,Average,False
Frank,Miller,25.0,Sales-New York,Inactive,83979.01,-7032032073,Average,False
Heidi,Johnson,30.0,Finance-Florida,Active,56785.16,-2761707586,Excellent,True
Grace,Garcia,40.0,Finance-Nevada,Active,95741.88,-7712151341,Excellent,False
Alice,Brown,40.0,DevOps-California,Active,63411.31,-2849939088,Excellent,True
Charlie,Jones,40.0,Admin-California,Inactive,111214.02,-2613715040,Good,True
Bob,Smith,25.0,DevOps-Illinois,Active,114845.69,-6591520176,Excellent,True
Charlie,Brown,40.0,Finance-Florida,Active,78072.82,-7490509758,Average,False
Grace,Johnson,25.0,Finance-California,Inactive,79610.52,-2304501895,Average,False
Heidi,Miller,30.0,Admin-California,Active,90542.62,-1642361031,Excellent,True
Frank,Jones,25.0,Cloud Tech-Illinois,Inactive,114357.1,-6642147648,Excellent,True
Alice,Brown,32.48454882571075,Cloud Tech-New York,Active,54757.26,-2515837766,Poor,False
Grace,Smith,25.0,Sales-New York,Pending,52781.92,-4996165925,Average,True
Frank,Smith,35.0,Admin-Nevada,Pending,66708.02,-6108573277,Good,True
Eva,Williams,40.0,HR-Texas,Active,93481.15,-8147617421,Poor,False
Bob,Williams,25.0,Sales-New York,Pending,59271.96,-4386490809,Excellent,True
Bob,Davis,30.0,HR-California,Active,108362.15,-8186617944,Excellent,False
Alice,Johnson,32.48454882571075,HR-Nevada,Active,59400.38,-4918017225,Average,True
Bob,Garcia,32.48454882571075,Admin-California,Inactive,64744.08,-164597793,Excellent,False
Eva,Brown,32.48454882571075,Finance-California,Active,94399.91,-5232194167,Good,True
Alice,Brown,25.0,HR-New York,Pending,61310.74,-61027768,Average,True
Grace,Garcia,32.48454882571075,Cloud Tech-Texas,Active,98371.37,-7499564121,Excellent,False
Alice,Davis,35.0,Sales-Illinois,Active,58921.19,-310303722,Average,True
Alice,Miller,35.0,Admin-Nevada,Active,57195.55,-6831472759,Excellent,False
Grace,Miller,32.48454882571075,DevOps-New York,Active,61375.12,-1227770792,Excellent,True
Charlie,Davis,40.0,Cloud Tech-New York,Pending,104767.05,-3496050165,Excellent,False
David,Miller,35.0,Admin-Nevada,Active,111051.67,-7998407677,Good,False
David,Williams,30.0,Finance-California,Inactive,105674.18,-9973080694,Good,False
Alice,Brown,30.0,Finance-California,Inactive,54859.45,-8146717956,Average,False
Frank,Davis,32.48454882571075,Finance-Nevada,Pending,115746.6,-6024375737,Excellent,True
Eva,Brown,30.0,Sales-California,Active,91759.99,-3959724664,Excellent,True
Frank,Garcia,40.0,Sales-Illinois,Active,112965.33,-7293417222,Good,False
Alice,Smith,40.0,Cloud Tech-Illinois,Pending,100360.1,-2971674337,Excellent,False
David,Williams,35.0,Finance-Texas,Pending,93620.88,-54522800,Good,False
Bob,Jones,35.0,Sales-California,Pending,72832.8,-5619318373,Excellent,True
Charlie,Williams,30.0,Finance-Nevada,Inactive,102369.42,-5508428909,Average,True
Eva,Davis,40.0,Sales-Texas,Inactive,64712.79,-7711991807,Excellent,True
Frank,Jones,40.0,Finance-Florida,Pending,85782.18,-1213524786,Excellent,True
Charlie,Smith,25.0,HR-Illinois,Pending,93348.26,-1255213759,Poor,False
David,Davis,35.0,Admin-New York,Active,53234.96,-3754821455,Good,False
Bob,Johnson,40.0,Finance-Nevada,Pending,100284.21,-5328632665,Excellent,False
Grace,Brown,30.0,Admin-Nevada,Pending,112486.19,-7850720810,Excellent,True
Bob,Smith,40.0,Admin-New York,Pending,82518.49,-5562606028,Poor,True
Bob,Brown,40.0,Admin-Florida,Pending,119152.47,-846684549,Poor,True
Heidi,Miller,32.48454882571075,DevOps-Illinois,Inactive,113479.83,-4892673898,Good,False
Charlie,Johnson,40.0,Finance-California,Active,94636.3,-7563410855,Poor,False
Heidi,Johnson,30.0,HR-Florida,Active,70000.97,-2884318847,Average,True
Frank,Smith,32.48454882571075,Cloud Tech-New York,Active,76812.47,-5200894345,Poor,False
David,Johnson,25.0,Finance-Florida,Inactive,82614.7,-8105485100,Average,True
Grace,Jones,40.0,Sales-Nevada,Active,111645.97,-7490753997,Good,True
Heidi,Johnson,25.0,HR-California,Inactive,112414.91,-9354492682,Good,False
David,Brown,40.0,Admin-California,Inactive,52031.74,-1589357125,Good,True
Grace,Brown,30.0,Finance-New York,Pending,51887.65,-6110627370,Good,False
Alice,Davis,25.0,DevOps-Florida,Active,82318.89,-5869886496,Good,True
Grace,Brown,35.0,Admin-Florida,Inactive,103286.08,-6776228276,Average,False
Grace,Davis,35.0,Cloud Tech-Florida,Active,87759.33,-2881377027,Average,False
Frank,Brown,30.0,DevOps-Texas,Pending,102796.32,-5196115939,Good,False
David,Jones,25.0,Sales-New York,Active,83149.27,-8215454469,Poor,True
David,Garcia,40.0,DevOps-California,Inactive,92412.49,-2296044326,Excellent,True
Bob,Davis,30.0,HR-Texas,Pending,115022.1,-185106793,Good,False
Grace,Williams,40.0,DevOps-New York,Active,98343.01,-9756792286,Poor,False
Bob,Miller,35.0,DevOps-Illinois,Active,118869.1,-7725199662,Excellent,True
Frank,Smith,32.48454882571075,Finance-Nevada,Inactive,85417.26,-6580741208,Good,True
Grace,Brown,40.0,Cloud Tech-Florida,Inactive,112410.25,-4818139889,Good,True
Charlie,Johnson,40.0,Admin-Nevada,Pending,68905.77,-9837801819,Average,False
Heidi,Garcia,40.0,Finance-Nevada,Pending,72561.32,-4339718955,Excellent,True
Bob,Brown,35.0,Finance-New York,Inactive,92723.22,-9070562607,Excellent,True
Alice,Johnson,40.0,HR-New York,Inactive,74837.75,-5641118241,Poor,False
Eva,Miller,32.48454882571075,DevOps-California,Pending,86163.91,-2412462094,Average,True
David,Miller,40.0,Finance-Illinois,Active,83326.52,-2004615264,Average,True
Heidi,Miller,25.0,Cloud Tech-California,Active,98425.1,-4610339936,Average,True
Frank,Johnson,40.0,Sales-Illinois,Inactive,119764.2,-8861405785,Average,False
Frank,Brown,40.0,HR-California,Inactive,58445.91,-1706304890,Excellent,False
Bob,Miller,32.48454882571075,DevOps-New York,Active,101702.33,-3824967182,Excellent,False
Eva,Jones,25.0,Admin-California,Active,85155.05639558233,-2582386869,Good,False
Charlie,Davis,35.0,Cloud Tech-Texas,Pending,98819.22,-794200748,Good,False
Heidi,Johnson,25.0,Cloud Tech-Illinois,Inactive,83509.99,-4653984027,Average,False
Alice,Johnson,35.0,Finance-Texas,Active,84422.26,-9141612845,Average,False
Alice,Brown,30.0,Admin-Illinois,Inactive,119574.27,-3985547434,Average,True
Grace,Johnson,32.48454882571075,Sales-Illinois,Active,86580.08,-5379502096,Good,True
Heidi,Johnson,35.0,Sales-Florida,Inactive,93471.91,-26876810,Poor,False
Bob,Miller,30.0,DevOps-New York,Inactive,55683.12,-8071569561,Poor,True
Bob,Brown,30.0,Cloud Tech-Florida,Inactive,91566.78,-175370303,Good,True
David,Miller,35.0,DevOps-California,Pending,81782.19,-5319433749,Good,False
Eva,Davis,32.48454882571075,DevOps-New York,Inactive,88119.37,-4793036148,Good,True
Eva,Garcia,30.0,Cloud Tech-Texas,Active,71532.83,-8728399920,Good,True
Eva,Davis,40.0,Cloud Tech-Florida,Pending,98981.36,-9212493842,Good,True
Heidi,Garcia,40.0,Cloud Tech-Illinois,Active,80242.01,-894870604,Good,True
Eva,Miller,25.0,Cloud Tech-New York,Pending,110236.18,-6641877579,Average,True
Alice,Davis,35.0,Sales-Texas,Active,86327.47,-3046875062,Average,False
Eva,Brown,30.0,Sales-Florida,Pending,84420.81,-5190361331,Average,False
Frank,Smith,40.0,HR-California,Pending,110041.32,-5411076094,Average,False
Heidi,Miller,35.0,DevOps-Florida,Pending,81837.81,-4317350582,Good,True
Frank,Garcia,25.0,Finance-Illinois,Active,110855.72,-1997179109,Poor,False
Alice,Jones,30.0,Sales-California,Pending,84894.52,-651207048,Excellent,True
Alice,Garcia,30.0,HR-Illinois,Active,80668.13,-6110804660,Good,True
Bob,Jones,25.0,DevOps-Illinois,Active,61086.47,-9639907675,Excellent,True
Grace,Johnson,25.0,Admin-Texas,Inactive,95339.68,-9915078592,Poor,True
Eva,Davis,32.48454882571075,DevOps-California,Inactive,83774.97,-1109193927,Average,False
Heidi,Jones,32.48454882571075,Admin-Florida,Active,85576.86,-4567972319,Poor,False
Bob,Garcia,35.0,Finance-California,Pending,107438.46,-249685497,Good,True
Eva,Johnson,32.48454882571075,Sales-Nevada,Inactive,60401.68,-2274954507,Average,False
Frank,Smith,35.0,Sales-Illinois,Inactive,115299.66,-9203880652,Good,True
David,Brown,32.48454882571075,Finance-New York,Inactive,72272.34,-3315377958,Average,False
Grace,Brown,40.0,DevOps-Nevada,Active,117537.71,-9594652169,Excellent,False
Frank,Brown,25.0,Finance-Texas,Pending,51074.33,-7303379336,Excellent,True
Charlie,Jones,25.0,Finance-California,Inactive,98489.32,-5636205014,Excellent,False
Frank,Smith,32.48454882571075,Finance-California,Pending,112120.71,-812473949,Poor,True
Alice,Jones,32.48454882571075,Cloud Tech-New York,Pending,114465.04,-334234257,Good,False
Bob,Davis,40.0,Cloud Tech-Nevada,Pending,57035.51,-3230241025,Poor,True
Eva,Jones,25.0,Cloud Tech-California,Active,75092.43,-1534735527,Excellent,True
David,Smith,32.48454882571075,Finance-Illinois,Pending,62603.98,-9611223385,Good,False
Grace,Smith,32.48454882571075,DevOps-New York,Inactive,60018.24,-5596309937,Excellent,False
Eva,Davis,40.0,HR-Nevada,Active,82567.73,-4253042896,Poor,True
Charlie,Smith,25.0,Finance-California,Pending,94725.71,-3179128684,Poor,False
Eva,Garcia,40.0,HR-New York,Inactive,83824.56,-7872558776,Poor,False
Frank,Smith,32.48454882571075,HR-Nevada,Inactive,118456.11,-4969033372,Excellent,True
Eva,Brown,25.0,Sales-Nevada,Pending,113743.19,-6346692547,Good,True
Eva,Garcia,30.0,Sales-California,Active,63309.24,-1214785389,Good,False
Charlie,Garcia,25.0,DevOps-Nevada,Active,105202.73,-7895677664,Excellent,True
Frank,Davis,30.0,Cloud Tech-California,Inactive,79085.22,-7546027340,Good,True
Frank,Williams,32.48454882571075,Sales-California,Active,113983.43,-5148881430,Excellent,True
Eva,Williams,35.0,Cloud Tech-Florida,Active,102790.6,-1150835353,Good,False
Grace,Smith,32.48454882571075,HR-Texas,Inactive,68512.1,-4439284043,Average,False
Frank,Garcia,35.0,Sales-Florida,Pending,57584.23,-5669078262,Average,True
Alice,Williams,32.48454882571075,Sales-California,Pending,95335.67,-3373898774,Poor,False
Heidi,Williams,35.0,DevOps-Florida,Active,53174.28,-1536637779,Average,True
Heidi,Smith,25.0,Cloud Tech-New York,Pending,77205.21,-5292407552,Average,False
Grace,Williams,32.48454882571075,DevOps-Nevada,Active,79041.92,-6668459089,Average,True
Heidi,Jones,32.48454882571075,Finance-California,Active,75937.1,-2259999662,Excellent,True
David,Johnson,35.0,Cloud Tech-Nevada,Inactive,113118.73,-6186371596,Average,False
Alice,Davis,40.0,HR-New York,Active,107693.38,-4121820969,Average,True
David,Johnson,32.48454882571075,Cloud Tech-Texas,Inactive,119217.46,-2316433480,Poor,False
David,Smith,25.0,Sales-New York,Pending,106913.71,-7058025661,Average,False
Charlie,Brown,32.48454882571075,Cloud Tech-California,Active,87815.08,-1286716322,Average,True
Bob,Davis,25.0,Admin-Texas,Inactive,105190.21,-4672994937,Good,True
Alice,Smith,30.0,HR-Texas,Active,79467.24,-7430271692,Poor,False
Bob,Garcia,40.0,Finance-California,Pending,57633.78,-8597779013,Poor,True
Alice,Brown,32.48454882571075,HR-Florida,Pending,54257.78,-7546926328,Poor,True
Grace,Johnson,40.0,DevOps-Texas,Inactive,113679.06,-6762916031,Poor,True
Bob,Smith,35.0,Sales-New York,Active,69251.12,-4841376814,Poor,True
Frank,Garcia,40.0,Sales-Illinois,Inactive,85388.58,-1185672437,Poor,True
Bob,Davis,32.48454882571075,DevOps-New York,Inactive,112166.37,-701765635,Excellent,False
Heidi,Davis,40.0,Finance-Nevada,Active,79873.48,-41257770,Average,False
Frank,Miller,30.0,DevOps-Florida,Active,108224.03,-1837274219,Poor,True
Bob,Garcia,35.0,Admin-Illinois,Active,116963.72,-9124186209,Average,True
Bob,Jones,40.0,HR-Nevada,Inactive,114109.06,-4275230836,Average,True
Eva,Williams,32.48454882571075,HR-California,Active,85518.88,-816470899,Excellent,False
Heidi,Brown,30.0,Cloud Tech-California,Pending,58041.97,-6335331059,Poor,True
David,Garcia,40.0,Sales-Illinois,Pending,94988.94,-531312205,Good,False
Eva,Miller,25.0,Admin-California,Pending,71628.93,-8155839385,Excellent,False
Alice,Williams,30.0,Admin-Illinois,Pending,54870.98,-6133155205,Good,False
Alice,Williams,25.0,DevOps-Illinois,Active,79388.27,-5063731494,Average,True
Frank,Smith,35.0,DevOps-California,Pending,55946.99,-136497188,Average,False
Charlie,Williams,32.48454882571075,Cloud Tech-Nevada,Active,81017.91,-2419562524,Excellent,True
Heidi,Jones,40.0,HR-New York,Pending,74162.1,-7150997682,Excellent,False
Heidi,Davis,32.48454882571075,DevOps-California,Active,77668.44,-8903091435,Good,True
Alice,Miller,30.0,HR-New York,Active,67886.37,-3910257431,Poor,False
Alice,Williams,40.0,DevOps-Florida,Active,76614.52,-6303975244,Good,True
Frank,Smith,25.0,Finance-Nevada,Active,51311.91,-864035532,Excellent,False
Frank,Jones,32.48454882571075,Finance-Illinois,Inactive,94809.92,-8033968526,Good,True
Grace,Johnson,25.0,HR-New York,Pending,108241.81,-171302320,Excellent,True
Bob,Davis,40.0,Cloud Tech-New York,Inactive,78031.49,-2983381673,Good,True
Eva,Davis,35.0,Admin-California,Active,85733.83,-2336293448,Excellent,True
David,Miller,35.0,HR-Nevada,Pending,60338.29,-7347156626,Excellent,False
Eva,Davis,30.0,Admin-Illinois,Active,103140.67,-7689627065,Excellent,False
Heidi,Williams,40.0,Sales-Illinois,Inactive,114690.8,-1498282466,Poor,True
Frank,Smith,35.0,Admin-Florida,Active,80954.56,-4746897151,Good,False
Eva,Davis,32.48454882571075,Cloud Tech-California,Pending,71728.55,-7323008575,Good,True
Alice,Davis,35.0,HR-Texas,Pending,118415.8,-6656749159,Good,True
Grace,Johnson,40.0,Sales-Illinois,Pending,81481.36,-1692364586,Excellent,False
David,Johnson,35.0,Sales-Florida,Pending,117040.57,-5066337049,Good,True
Frank,Brown,25.0,Sales-Nevada,Active,67342.06,-2497243991,Good,True
Heidi,Jones,32.48454882571075,Sales-Illinois,Active,76099.64,-116691835,Excellent,False
Grace,Williams,35.0,DevOps-Illinois,Active,94162.06,-2644886945,Average,True
Frank,Davis,25.0,Sales-Nevada,Inactive,67639.7,-1195243639,Excellent,True
Charlie,Garcia,35.0,Cloud Tech-Illinois,Pending,114172.25,-2701168645,Good,True
Grace,Davis,30.0,Sales-Nevada,Active,89124.54,-2252237280,Excellent,True
Frank,Smith,30.0,DevOps-Nevada,Pending,113871.36,-7932302345,Average,False
Grace,Brown,32.48454882571075,HR-Texas,Inactive,62618.4,-7912141613,Excellent,False
Heidi,Jones,30.0,Admin-New York,Active,70705.45,-1509377099,Good,False
Alice,Garcia,35.0,Sales-New York,Pending,60797.69,-4090138068,Average,True
Charlie,Brown,40.0,Cloud Tech-Florida,Inactive,100371.0,-8477596554,Poor,True
Eva,Miller,40.0,Admin-Illinois,Active,117591.76,-5356690550,Good,False
David,Jones,35.0,DevOps-Illinois,Inactive,103860.7,-762091842,Average,True
Grace,Davis,30.0,Admin-Illinois,Active,67500.22,-5797863049,Average,True
Frank,Davis,32.48454882571075,Cloud Tech-Nevada,Pending,58727.44,-5057397690,Poor,True
Charlie,Jones,35.0,Finance-Illinois,Active,80623.08,-5671649327,Excellent,True
David,Davis,40.0,HR-Texas,Inactive,77751.78,-9802714871,Excellent,False
Grace,Williams,25.0,HR-New York,Active,115157.81,-7178333210,Good,False
Frank,Jones,30.0,Admin-Texas,Inactive,83071.85,-6025643470,Poor,False
Heidi,Brown,40.0,Sales-Texas,Active,67914.67,-2871539914,Excellent,True
Grace,Jones,25.0,HR-New York,Inactive,53342.46,-6686334140,Poor,False
Heidi,Garcia,25.0,Cloud Tech-Florida,Pending,51150.47,-1159319524,Excellent,False
David,Davis,30.0,HR-Florida,Active,74697.12,-6904098365,Average,True
Charlie,Williams,25.0,Sales-California,Active,88085.74,-5528993159,Excellent,True
Alice,Williams,40.0,Finance-Texas,Pending,118672.76,-8752437728,Poor,False
Alice,Miller,35.0,Cloud Tech-California,Active,95997.31,-4209548148,Average,False
Frank,Brown,30.0,Cloud Tech-California,Pending,106945.62,-7374605232,Average,False
Heidi,Johnson,40.0,DevOps-New York,Active,100123.15,-276420864,Average,False
Alice,Johnson,35.0,Admin-Texas,Active,52933.42,-6756618442,Poor,True
Grace,Jones,32.48454882571075,Finance-California,Active,95283.03,-8612590471,Good,False
Alice,Miller,35.0,HR-Texas,Inactive,112264.06,-9277423329,Good,False
Grace,Smith,35.0,Admin-Florida,Pending,75714.28,-5912662014,Good,True
Eva,Jones,25.0,DevOps-Florida,Active,92171.73,-7201859625,Poor,False
Eva,Miller,35.0,Cloud Tech-Texas,Inactive,70694.8,-3013674925,Average,True
Grace,Brown,30.0,DevOps-Florida,Inactive,52964.86,-1764750110,Good,True
Frank,Brown,32.48454882571075,Finance-California,Pending,116353.31,-1783099973,Poor,True
Grace,Brown,35.0,Sales-Nevada,Pending,116695.26,-1926764920,Good,False
Heidi,Brown,25.0,Admin-Texas,Active,95161.4,-5182606887,Excellent,False
Alice,Brown,32.48454882571075,Admin-Nevada,Inactive,76040.94,-7189813128,Good,True
Charlie,Miller,32.48454882571075,HR-Florida,Inactive,69508.28,-2087510292,Good,False
Alice,Miller,30.0,Finance-Illinois,Inactive,58243.27,-2184011844,Average,False
Heidi,Williams,30.0,Sales-California,Pending,64012.48,-8260340847,Poor,True
Bob,Garcia,40.0,Admin-Nevada,Inactive,106735.93,-7297585987,Average,True
Frank,Johnson,35.0,DevOps-Texas,Pending,70325.36,-3103032431,Average,False
Charlie,Davis,30.0,HR-Illinois,Active,118959.28,-9839542960,Average,True
David,Brown,40.0,Cloud Tech-California,Pending,75823.78,-8446267145,Average,False
Charlie,Smith,32.48454882571075,Cloud Tech-Texas,Inactive,119971.65,-2831435988,Average,False
Grace,Davis,40.0,Sales-Texas,Active,94963.7,-2625660930,Good,False
Frank,Miller,30.0,Sales-Nevada,Pending,103744.71,-4181861514,Average,False
Alice,Smith,25.0,Sales-New York,Inactive,61337.69,-5423401635,Average,True
David,Smith,35.0,Sales-California,Active,63741.13,-1128497184,Poor,True
Eva,Smith,30.0,DevOps-California,Pending,56539.99,-9484910255,Excellent,True
Charlie,Williams,30.0,DevOps-Illinois,Pending,73633.37,-2588967923,Good,True
Alice,Miller,25.0,Cloud Tech-Texas,Pending,90373.99,-822269404,Good,False
Grace,Smith,32.48454882571075,DevOps-Texas,Inactive,93901.48,-3967275783,Good,False
Eva,Brown,40.0,Admin-Nevada,Inactive,81748.09,-4683414650,Average,True
Charlie,Jones,40.0,Finance-Florida,Inactive,73813.48,-1131290147,Average,False
Frank,Smith,35.0,Finance-New York,Inactive,89315.59,-7068277880,Average,False
Heidi,Williams,25.0,HR-Florida,Active,56776.82,-6093068537,Poor,False
Grace,Davis,32.48454882571075,Finance-New York,Active,72920.51,-9097283214,Excellent,True
Frank,Miller,30.0,Admin-Florida,Pending,84913.18,-2850676250,Average,True
Alice,Garcia,25.0,Finance-Illinois,Inactive,65060.11,-5381447442,Excellent,True
Alice,Williams,35.0,Finance-Illinois,Pending,82941.08,-963480796,Poor,False
Bob,Smith,40.0,Admin-California,Pending,103469.97,-509754509,Good,True
Grace,Miller,25.0,Sales-Illinois,Active,88725.6,-5265016730,Average,True
Heidi,Jones,32.48454882571075,HR-Illinois,Pending,58316.77,-8826170242,Excellent,True
Grace,Smith,35.0,HR-Illinois,Inactive,60098.72,-7654562840,Excellent,True
Grace,Williams,32.48454882571075,Cloud Tech-Texas,Active,99951.43,-7722560530,Average,True
Heidi,Johnson,30.0,Sales-Illinois,Active,115195.81,-3402665022,Good,True
Grace,Brown,32.48454882571075,DevOps-California,Pending,85512.05,-7416787255,Good,False
Heidi,Garcia,32.48454882571075,HR-Florida,Active,73186.77,-8621102257,Good,False
Grace,Davis,32.48454882571075,HR-Nevada,Pending,51865.3,-305690673,Poor,True
David,Williams,25.0,Sales-Florida,Active,94031.77,-4716392822,Excellent,True
Grace,Miller,30.0,DevOps-New York,Active,116374.36,-4143637188,Excellent,False
Alice,Garcia,40.0,HR-Florida,Active,98335.02,-2392312603,Excellent,False
Heidi,Garcia,25.0,DevOps-New York,Pending,89262.07,-3260931065,Poor,True
Heidi,Garcia,32.48454882571075,Finance-California,Active,113848.69,-8433567085,Excellent,True
Frank,Smith,35.0,Sales-Florida,Active,69530.45,-414545634,Poor,True
Eva,Brown,35.0,DevOps-New York,Pending,84230.22,-200053473,Good,True
Eva,Smith,35.0,Cloud Tech-Illinois,Pending,76578.59,-9162475540,Average,False
Frank,Miller,30.0,HR-Texas,Inactive,55532.06,-1082555988,Excellent,True
Eva,Smith,40.0,Admin-New York,Pending,115311.68,-5343961128,Excellent,True
Charlie,Johnson,25.0,Sales-Nevada,Pending,66972.06,-1093371188,Good,True
David,Brown,30.0,Cloud Tech-Texas,Inactive,100215.06,-5473820235,Average,True
Charlie,Brown,25.0,Sales-New York,Inactive,115452.25,-8485571616,Poor,False
Heidi,Miller,30.0,HR-California,Inactive,54141.38,-6880294239,Average,False
David,Davis,32.48454882571075,DevOps-Nevada,Active,79251.95,-9036788126,Good,False
Alice,Johnson,40.0,Finance-New York,Pending,114822.78,-8686694319,Good,True
Alice,Williams,35.0,Sales-Illinois,Active,69919.32,-2939087883,Average,True
Heidi,Smith,30.0,Sales-Florida,Inactive,106616.97,-4344812307,Poor,False
Heidi,Jones,35.0,DevOps-New York,Active,73597.85,-3402424032,Poor,True
David,Smith,30.0,Sales-Nevada,Inactive,79939.23,-8105955183,Excellent,True
Grace,Garcia,25.0,Admin-New York,Inactive,85155.05639558233,-2694500533,Poor,False
Grace,Smith,30.0,Finance-California,Inactive,90772.25,-2408916497,Average,False
Eva,Williams,35.0,DevOps-New York,Active,58275.74,-3735439626,Good,False
Grace,Smith,32.48454882571075,DevOps-California,Pending,94709.79,-3652717271,Excellent,False
Frank,Johnson,32.48454882571075,Admin-New York,Active,60722.99,-2397240421,Excellent,True
Frank,Johnson,40.0,DevOps-Illinois,Inactive,87626.24,-6931216375,Good,True
David,Brown,30.0,DevOps-Illinois,Active,81272.36,-1820916600,Poor,False
Bob,Miller,32.48454882571075,Cloud Tech-Texas,Pending,64150.97,-23142899,Good,True
Charlie,Davis,35.0,Sales-Florida,Active,64378.1,-1851327971,Poor,False
Bob,Jones,32.48454882571075,Finance-Texas,Inactive,85927.35,-4572308480,Good,False
Alice,Garcia,32.48454882571075,Finance-Nevada,Inactive,51523.93,-18418619,Average,True
Alice,Smith,30.0,Sales-Texas,Active,74117.02,-3036625435,Poor,False
Alice,Smith,25.0,Finance-Texas,Inactive,62598.69,-1721314518,Average,True
Grace,Williams,35.0,Finance-Florida,Inactive,55617.5,-5151092267,Excellent,True
Charlie,Miller,35.0,Cloud Tech-New York,Pending,87018.98,-5926249450,Good,True
David,Johnson,25.0,Cloud Tech-California,Inactive,100336.58,-4754102251,Excellent,True
Grace,Jones,30.0,Admin-Florida,Inactive,69295.48,-6771196420,Excellent,False
Bob,Brown,25.0,DevOps-Florida,Pending,115536.66,-5226557675,Excellent,True
David,Johnson,30.0,Cloud Tech-Texas,Pending,81250.87,-9523668787,Excellent,False
Alice,Garcia,30.0,DevOps-Texas,Inactive,66403.75,-7883619688,Good,False
Alice,Miller,30.0,Sales-California,Active,114147.79,-3135030586,Excellent,False
Frank,Garcia,30.0,HR-New York,Pending,65472.99,-2105524727,Good,False
Alice,Davis,32.48454882571075,Sales-Nevada,Active,97512.51,-6333021259,Good,True
Alice,Brown,35.0,DevOps-Nevada,Inactive,86712.41,-6501917919,Average,True
Grace,Davis,30.0,HR-Florida,Active,87654.98,-2521310961,Poor,False
David,Williams,35.0,DevOps-New York,Inactive,89367.02,-2728476569,Poor,False
Charlie,Garcia,40.0,Admin-California,Active,95269.41,-4120092819,Good,True
Frank,Williams,25.0,Sales-Nevada,Active,68792.31,-6678498435,Average,False
Alice,Smith,25.0,Admin-Illinois,Pending,89119.53,-2418623689,Good,True
Frank,Davis,35.0,Cloud Tech-New York,Active,58212.13,-3628917755,Good,False
Heidi,Miller,30.0,DevOps-Illinois,Pending,77764.24,-6205634110,Good,True
Frank,Garcia,35.0,Finance-Florida,Pending,75148.17,-5950342810,Average,False
Heidi,Jones,40.0,Cloud Tech-Nevada,Inactive,108781.18,-3904383033,Poor,False
Frank,Brown,35.0,Finance-Texas,Pending,65489.19,-1990970050,Average,True
Eva,Johnson,32.48454882571075,Sales-Illinois,Pending,70663.46,-4054683564,Excellent,False
David,Miller,40.0,Sales-New York,Inactive,95822.56,-2156818208,Average,False
Eva,Miller,40.0,DevOps-Nevada,Pending,82258.03,-6790422710,Average,True
Frank,Williams,30.0,Admin-Nevada,Pending,62883.34,-3322889856,Average,False
Alice,Davis,32.48454882571075,Cloud Tech-Texas,Pending,103503.72,-2545960632,Average,True
David,Garcia,25.0,DevOps-New York,Active,85401.3,-9912971023,Poor,True
Heidi,Garcia,40.0,Cloud Tech-Texas,Pending,85155.05639558233,-8171752420,Excellent,False
Eva,Smith,32.48454882571075,HR-Texas,Pending,98850.14,-4955112746,Poor,False
Charlie,Smith,25.0,Cloud Tech-Illinois,Active,63435.24,-4721970545,Poor,False
Frank,Brown,35.0,Finance-Texas,Inactive,82129.84,-6927589550,Average,False
David,Williams,35.0,DevOps-Texas,Pending,95492.61,-6874090379,Good,False
Grace,Miller,40.0,Finance-Illinois,Inactive,94572.37,-2146296135,Good,False
Bob,Garcia,40.0,Finance-Nevada,Inactive,118413.05,-7157787111,Poor,False
Alice,Jones,30.0,Admin-Nevada,Pending,68976.65,-1663651558,Poor,True
Eva,Williams,32.48454882571075,Sales-Nevada,Active,115013.65,-7371470826,Average,False
David,Brown,32.48454882571075,Admin-Nevada,Inactive,70949.38,-2359096055,Poor,True
Grace,Brown,32.48454882571075,HR-Florida,Pending,105334.87,-7303064420,Average,False
Bob,Williams,32.48454882571075,DevOps-California,Active,80596.18,-2146147682,Good,False
Frank,Brown,32.48454882571075,Sales-Illinois,Inactive,72846.37,-4201654234,Good,True
Heidi,Williams,40.0,Admin-California,Pending,80229.36,-6778265959,Excellent,False
Grace,Johnson,25.0,Sales-California,Active,55145.47,-8931992549,Good,False
Grace,Williams,30.0,DevOps-Florida,Inactive,85155.05639558233,-2727516479,Poor,True
Eva,Davis,40.0,HR-California,Active,56110.81,-7279103367,Good,False
Grace,Williams,25.0,Cloud Tech-Texas,Inactive,56514.5,-2963533904,Average,False
Frank,Brown,40.0,Cloud Tech-California,Inactive,104541.84,-5044817765,Good,False
David,Garcia,32.48454882571075,Sales-New York,Pending,61865.12,-5586851275,Excellent,True
Eva,Davis,40.0,Admin-Texas,Active,69317.33,-5289286645,Good,False
Bob,Brown,35.0,HR-New York,Pending,84706.17,-4911110960,Average,False
Heidi,Smith,25.0,Admin-California,Active,73255.21,-7981789045,Average,False
Frank,Smith,40.0,HR-Florida,Pending,59528.71,-3378613714,Poor,False
David,Garcia,40.0,HR-New York,Inactive,70401.37,-7660538443,Good,True
Heidi,Garcia,32.48454882571075,Admin-California,Inactive,107154.62,-4630600024,Average,True
Bob,Davis,32.48454882571075,Admin-Illinois,Pending,97719.88,-8955296385,Excellent,False
Heidi,Johnson,30.0,Finance-California,Pending,107327.59,-3960962625,Poor,False
Grace,Garcia,40.0,Admin-Nevada,Inactive,67687.72,-5826312818,Excellent,True
Grace,Smith,40.0,Cloud Tech-Florida,Pending,90757.08,-6482531105,Good,True
Grace,Williams,32.48454882571075,Cloud Tech-California,Pending,87583.42,-920981959,Good,False
Bob,Brown,25.0,Admin-Nevada,Pending,61643.69,-2752334382,Good,True
Grace,Smith,35.0,Finance-Texas,Active,68111.69,-6404120910,Poor,False
David,Smith,40.0,HR-Florida,Inactive,97568.88,-7911244210,Average,True
Charlie,Johnson,35.0,Cloud Tech-Florida,Active,79118.28,-7536170616,Poor,True
Bob,Davis,30.0,HR-California,Inactive,104898.9,-1366572239,Excellent,True
Frank,Davis,40.0,Cloud Tech-Florida,Pending,81671.3,-2990155798,Poor,True
Alice,Miller,25.0,Cloud Tech-California,Pending,97399.75,-8028413907,Excellent,False
David,Johnson,32.48454882571075,Admin-Illinois,Active,89189.43,-882351304,Poor,True
David,Williams,40.0,DevOps-New York,Active,96011.55,-2312447314,Average,True
David,Davis,40.0,Sales-Florida,Inactive,99331.49,-8477686341,Excellent,False
Bob,Brown,32.48454882571075,Cloud Tech-Illinois,Active,72818.94,-3461994236,Good,True
Eva,Garcia,40.0,Sales-Nevada,Inactive,77204.75,-6769459195,Good,True
Bob,Johnson,35.0,HR-Florida,Pending,106961.68,-6395517207,Poor,False
Eva,Garcia,32.48454882571075,Sales-Texas,Pending,71923.0,-4964985600,Good,True
Bob,Smith,30.0,HR-Nevada,Active,77192.43,-2562531354,Excellent,False
Grace,Brown,40.0,Admin-Florida,Pending,98540.3,-2510505378,Good,False
Charlie,Brown,32.48454882571075,Admin-Florida,Inactive,63096.9,-5381649382,Average,False
Alice,Smith,35.0,Cloud Tech-Florida,Active,107065.12,-1849196654,Average,False
Heidi,Johnson,40.0,DevOps-Florida,Inactive,108792.43,-3307704610,Poor,True
Bob,Smith,32.48454882571075,Cloud Tech-New York,Inactive,69239.7,-7295963903,Excellent,False
Charlie,Garcia,40.0,Sales-Nevada,Inactive,85756.42,-907426087,Average,True
Eva,Miller,32.48454882571075,HR-Illinois,Active,100328.62,-501716444,Average,True
Grace,Brown,25.0,DevOps-Nevada,Active,111236.69,-5618579063,Excellent,True
Eva,Jones,35.0,Cloud Tech-Florida,Active,106832.22,-7715910299,Good,True
Frank,Jones,32.48454882571075,DevOps-Florida,Active,59746.45,-2156321357,Good,True
David,Garcia,25.0,Sales-California,Pending,91780.04,-40104144,Poor,True
Eva,Williams,35.0,Sales-California,Pending,107062.66,-9642297124,Good,True
Grace,Davis,25.0,HR-Nevada,Active,110625.52,-2967188396,Excellent,True
Frank,Smith,30.0,DevOps-Florida,Inactive,90419.79,-7457314414,Average,True
Grace,Smith,40.0,Finance-Texas,Pending,111608.76,-8331170302,Good,True
Eva,Williams,35.0,Finance-Florida,Inactive,50173.12,-7637153987,Poor,False
Bob,Williams,40.0,DevOps-Nevada,Pending,109507.44,-5472812355,Good,False
Grace,Garcia,30.0,Finance-New York,Inactive,72600.56,-7983631461,Excellent,False
Charlie,Garcia,32.48454882571075,Finance-California,Pending,53388.65,-4912711306,Poor,True
Heidi,Williams,25.0,Cloud Tech-New York,Inactive,50047.32,-2407875417,Good,False
David,Brown,30.0,DevOps-California,Active,115290.79,-1563268684,Poor,False
Frank,Garcia,35.0,Cloud Tech-California,Pending,61586.76,-745106633,Excellent,False
Eva,Miller,30.0,Finance-Nevada,Active,56662.86,-3629489785,Average,True
Bob,Garcia,30.0,Sales-New York,Pending,85155.05639558233,-1031310093,Excellent,True
Frank,Smith,25.0,Finance-Nevada,Active,54957.98,-3181439665,Excellent,True
Bob,Garcia,25.0,HR-California,Inactive,76790.47,-1347323548,Excellent,True
Charlie,Brown,30.0,Cloud Tech-Illinois,Pending,92722.35,-4012897431,Excellent,False
Frank,Williams,30.0,DevOps-Nevada,Active,93125.32,-5122572075,Average,False
David,Smith,25.0,Cloud Tech-New York,Active,101100.64,-5024120956,Average,False
Grace,Garcia,35.0,Admin-New York,Inactive,55897.41,-9073710093,Poor,False
Eva,Brown,25.0,DevOps-California,Active,92484.88,-3882211456,Good,True
Grace,Miller,35.0,DevOps-Texas,Active,77011.99,-7584745704,Average,True
Bob,Garcia,32.48454882571075,Cloud Tech-California,Inactive,77078.68,-4589714801,Average,True
Grace,Brown,35.0,Sales-Nevada,Active,82971.02,-6325703964,Good,False
Bob,Miller,25.0,Sales-Texas,Active,65102.01,-3136148781,Average,True
Grace,Williams,32.48454882571075,HR-Nevada,Pending,103697.7,-4556964429,Excellent,True
Grace,Garcia,25.0,DevOps-Illinois,Pending,60687.63,-9859167953,Excellent,False
Bob,Miller,32.48454882571075,Admin-New York,Pending,77351.21,-1072728497,Good,False
Bob,Smith,35.0,DevOps-Florida,Pending,66704.62,-2474140702,Poor,True
Grace,Williams,25.0,Finance-Illinois,Pending,71650.3,-4910740649,Poor,True
Charlie,Smith,25.0,Cloud Tech-Nevada,Active,50794.54,-425488213,Good,True
Frank,Jones,32.48454882571075,Sales-Nevada,Inactive,76030.86,-2369143074,Good,True
Eva,Johnson,25.0,Cloud Tech-California,Inactive,86669.79,-3666144941,Excellent,True
Bob,Garcia,40.0,Finance-Illinois,Inactive,84972.7,-9659234267,Poor,True
Frank,Miller,30.0,HR-Texas,Pending,100594.49,-3441497825,Average,False
Alice,Johnson,25.0,Cloud Tech-New York,Active,75478.35,-6128758574,Excellent,False
Charlie,Johnson,25.0,Sales-Nevada,Pending,79355.85,-6766708060,Good,False
Grace,Miller,35.0,HR-Texas,Pending,58358.07,-2943985297,Poor,True
Alice,Williams,30.0,Admin-Illinois,Active,54824.85,-9406260786,Average,False
Eva,Garcia,35.0,HR-Texas,Pending,50557.84,-104159148,Average,True
Eva,Jones,32.48454882571075,Admin-Florida,Inactive,118030.04,-7501980381,Excellent,True
David,Smith,32.48454882571075,Admin-New York,Active,51673.72,-8723244078,Poor,False
Alice,Brown,35.0,Cloud Tech-Nevada,Inactive,101665.79,-3110291812,Poor,True
David,Smith,32.48454882571075,Admin-Florida,Inactive,118079.15,-3170876013,Good,True
Eva,Brown,25.0,Cloud Tech-New York,Pending,99059.28,-6723849790,Poor,False
Bob,Smith,32.48454882571075,Cloud Tech-Illinois,Active,107397.4,-6202232882,Poor,False
Alice,Miller,40.0,DevOps-New York,Active,68269.37,-7744197545,Excellent,False
Grace,Jones,35.0,HR-Florida,Inactive,55228.12,-6176620470,Poor,True
Bob,Garcia,30.0,Cloud Tech-New York,Inactive,71982.33,-9609409704,Average,False
Frank,Brown,30.0,Finance-California,Inactive,109673.75,-2774025882,Excellent,False
Eva,Garcia,32.48454882571075,Cloud Tech-New York,Inactive,56384.9,-5868122594,Excellent,True
Frank,Garcia,40.0,Sales-Texas,Pending,68211.68,-7244617678,Good,False
Alice,Garcia,40.0,Finance-Illinois,Pending,67489.68,-2988425994,Poor,False
Charlie,Davis,25.0,Cloud Tech-Texas,Active,63869.31,-9961002310,Good,False
Bob,Williams,32.48454882571075,Sales-California,Active,119801.3,-7753312660,Average,True
Heidi,Smith,30.0,Cloud Tech-California,Active,115959.65,-941017589,Excellent,True
Grace,Garcia,40.0,Finance-Texas,Inactive,79866.48,-2517629832,Excellent,True
Charlie,Smith,35.0,HR-Florida,Active,92987.46,-4774332682,Excellent,True
Eva,Garcia,40.0,Finance-Illinois,Inactive,56140.51,-1901302055,Average,False
Grace,Brown,30.0,DevOps-Illinois,Active,119586.11,-9815287338,Average,True
Alice,Williams,40.0,DevOps-California,Inactive,104700.46,-7855982175,Good,True
Frank,Williams,40.0,HR-New York,Active,91798.14,-6191284116,Good,False
Eva,Miller,25.0,Finance-Illinois,Inactive,90879.22,-3098503445,Good,False
Charlie,Davis,25.0,Admin-Nevada,Active,87358.27,-5124189388,Poor,False
Alice,Miller,30.0,Sales-Florida,Inactive,119407.93,-8469081973,Excellent,True
David,Miller,32.48454882571075,HR-Nevada,Pending,113978.6,-56435022,Excellent,True
Frank,Miller,32.48454882571075,Sales-New York,Pending,108568.78,-8503719904,Good,True
Heidi,Miller,32.48454882571075,HR-New York,Inactive,56318.02,-1699187239,Excellent,False
David,Miller,25.0,Sales-Florida,Active,114252.73,-1078356742,Good,False
Charlie,Jones,35.0,DevOps-New York,Inactive,51533.9,-3896086,Poor,True
Charlie,Williams,25.0,Sales-California,Active,99317.66,-662668216,Poor,False
Bob,Miller,35.0,HR-California,Active,101264.64,-1955356032,Average,False
Heidi,Garcia,35.0,Admin-Nevada,Pending,112272.02,-1903689002,Poor,False
Frank,Williams,30.0,DevOps-Illinois,Active,71477.63,-102724054,Good,True
Charlie,Williams,30.0,DevOps-Texas,Pending,77412.1,-9342967110,Poor,False
Alice,Johnson,30.0,Sales-California,Pending,94775.27,-4837537457,Average,False
Heidi,Jones,30.0,HR-Nevada,Active,74276.71,-4384588104,Excellent,True
Bob,Miller,35.0,Finance-Texas,Inactive,67467.86,-6974132833,Good,True
Eva,Smith,25.0,DevOps-Texas,Active,80675.41,-8315203770,Excellent,False
Charlie,Brown,40.0,Finance-Florida,Inactive,76274.33,-704496409,Average,False
David,Davis,30.0,Finance-Texas,Active,51405.46,-4967066702,Average,True
Bob,Garcia,25.0,HR-New York,Inactive,101238.96,-3626804084,Average,True
Bob,Smith,35.0,Sales-Illinois,Inactive,52169.52,-954930595,Excellent,False
Charlie,Jones,32.48454882571075,Finance-New York,Active,73176.62,-6018648768,Excellent,False
Grace,Brown,32.48454882571075,DevOps-Nevada,Pending,96241.85,-9842673203,Excellent,False
Bob,Jones,25.0,Finance-Illinois,Pending,84366.38,-4138459608,Excellent,False
Alice,Garcia,40.0,Cloud Tech-California,Pending,92015.09,-4544901494,Average,True
Alice,Williams,30.0,Admin-Nevada,Inactive,83149.95,-4277070704,Average,False
Grace,Brown,40.0,Finance-Nevada,Inactive,94930.65,-7836091497,Good,False
Frank,Williams,40.0,HR-New York,Inactive,68430.72,-5172444722,Good,True
David,Garcia,35.0,Sales-Texas,Active,98752.97,-2290310286,Excellent,False
Frank,Smith,32.48454882571075,Finance-Illinois,Active,54268.86,-9508304404,Poor,True
Grace,Garcia,32.48454882571075,DevOps-Florida,Pending,66494.94,-8093511870,Poor,False
Grace,Smith,25.0,Sales-Illinois,Pending,90003.98,-8133595615,Average,False
Charlie,Brown,25.0,Finance-New York,Active,106592.25,-4205955656,Average,True
Grace,Brown,25.0,DevOps-Florida,Active,93905.83,-4902504289,Average,True
Eva,Miller,35.0,DevOps-Texas,Active,88945.49,-1935889535,Good,False
Eva,Jones,32.48454882571075,Finance-Texas,Pending,91130.33,-9026113988,Good,False
Bob,Miller,40.0,Admin-New York,Pending,90787.4,-8681809787,Average,False
Bob,Jones,25.0,Sales-Texas,Inactive,87494.34,-7543943534,Average,True
Grace,Miller,35.0,Finance-Nevada,Inactive,92627.35,-3751376514,Average,False
Eva,Williams,40.0,Admin-Illinois,Pending,98556.29,-8815793762,Poor,True
Frank,Brown,30.0,Cloud Tech-Nevada,Inactive,112792.2,-9283692943,Good,True
Eva,Smith,35.0,HR-Florida,Pending,56875.22,-5511668296,Poor,False
Charlie,Jones,35.0,DevOps-Florida,Inactive,101015.96,-3270216486,Poor,True
Bob,Garcia,30.0,Finance-New York,Inactive,83912.22,-1206021287,Average,False
Frank,Jones,25.0,Sales-New York,Active,99669.86,-6652683414,Average,False
Alice,Smith,30.0,Admin-New York,Active,52314.97,-5999101575,Excellent,False
Frank,Miller,30.0,HR-California,Inactive,77785.96,-7647229811,Excellent,False
Alice,Jones,30.0,HR-Florida,Pending,62430.86,-995765727,Poor,False
Frank,Davis,35.0,Admin-California,Pending,98219.54,-9413475097,Good,True
Grace,Williams,25.0,Admin-Illinois,Active,65494.58,-8986456521,Average,True
David,Brown,35.0,DevOps-Florida,Pending,110524.1,-368499514,Average,False
Alice,Smith,40.0,Admin-Nevada,Active,106060.54,-4214477323,Poor,False
Eva,Brown,35.0,Finance-Florida,Inactive,67639.91,-4913421387,Excellent,True
Grace,Davis,32.48454882571075,Cloud Tech-Texas,Pending,117653.98,-2090883069,Good,True
Eva,Jones,35.0,DevOps-Texas,Inactive,73539.86,-5349678273,Excellent,True
Frank,Jones,35.0,HR-Nevada,Pending,70915.38,-1176741240,Excellent,True
David,Garcia,25.0,Sales-Florida,Pending,97652.9,-5131528546,Excellent,False
Heidi,Davis,35.0,HR-Florida,Inactive,101571.25,-8150618537,Excellent,False
David,Smith,35.0,DevOps-Nevada,Active,87424.46,-32963346,Average,True
Frank,Garcia,32.48454882571075,HR-New York,Pending,89077.36,-2727423182,Average,False
Heidi,Williams,30.0,DevOps-California,Pending,89132.22,-617893205,Excellent,True
Frank,Garcia,25.0,Admin-California,Active,111000.26,-4969357823,Good,False
Frank,Johnson,35.0,HR-Illinois,Inactive,109584.97,-3477695873,Poor,True
Bob,Smith,40.0,Admin-Illinois,Active,97648.84,-1314675360,Good,False
Grace,Johnson,25.0,Admin-New York,Active,78643.43,-2751562778,Good,True
Heidi,Davis,30.0,HR-Nevada,Active,55656.8,-6304483607,Good,True
Charlie,Miller,35.0,DevOps-Texas,Active,69146.95,-5456676639,Excellent,False
Charlie,Johnson,32.48454882571075,Admin-Florida,Active,93013.58,-4735047638,Average,True
Grace,Williams,40.0,Finance-Florida,Active,87364.78,-2831995297,Good,False
Alice,Garcia,35.0,Sales-New York,Active,50288.67,-61558107,Excellent,False
David,Miller,35.0,HR-New York,Active,85233.55,-3583286341,Good,True
Bob,Garcia,25.0,HR-California,Inactive,86420.19,-5563830007,Good,False
Grace,Johnson,30.0,HR-Florida,Inactive,63189.82,-1867024402,Excellent,False
Grace,Garcia,25.0,Admin-New York,Pending,64783.32,-3041662410,Average,False
Charlie,Davis,25.0,HR-Nevada,Pending,52615.44,-1860089218,Average,False
Eva,Miller,32.48454882571075,Sales-Texas,Pending,96337.89,-6394568043,Poor,False
Alice,Davis,25.0,DevOps-Texas,Inactive,76617.76,-7314976460,Excellent,True
Heidi,Johnson,30.0,Admin-Nevada,Pending,50651.32,-3684748835,Poor,False
Bob,Davis,32.48454882571075,HR-Illinois,Pending,59601.45,-765817389,Poor,False
Bob,Williams,32.48454882571075,DevOps-Illinois,Active,57980.88,-6375791451,Poor,False
David,Johnson,32.48454882571075,Admin-California,Pending,75054.53,-1182379311,Average,False
Charlie,Johnson,25.0,Sales-Florida,Active,115318.7,-6978930745,Excellent,False
Alice,Johnson,25.0,DevOps-Texas,Active,90190.69,-4520599603,Poor,True
Bob,Smith,32.48454882571075,Cloud Tech-Nevada,Pending,113334.56,-3878753576,Excellent,False
Heidi,Garcia,35.0,HR-Florida,Active,106922.49,-8811616201,Excellent,True
Eva,Smith,35.0,DevOps-California,Inactive,58113.07,-8123710671,Average,True
Alice,Smith,25.0,Admin-Nevada,Pending,73006.26,-8728660415,Poor,True
Eva,Williams,25.0,HR-California,Active,78054.43,-4485959223,Poor,True
Eva,Miller,40.0,DevOps-Florida,Inactive,112028.67,-8395894772,Excellent,False
Charlie,Garcia,25.0,Admin-Texas,Inactive,83787.24,-5228705621,Good,True
Heidi,Davis,30.0,Sales-Florida,Inactive,52017.14,-7104331874,Average,True
Charlie,Jones,40.0,Finance-Texas,Inactive,53218.06,-1097921582,Average,False
Frank,Johnson,25.0,DevOps-Nevada,Pending,102053.67,-5034469458,Average,False
David,Davis,35.0,Sales-Illinois,Pending,93276.73,-6488319212,Average,False
David,Johnson,40.0,HR-Nevada,Pending,76941.36,-4249128964,Poor,True
Alice,Williams,25.0,DevOps-New York,Pending,82850.23,-9994973202,Poor,False
Charlie,Johnson,25.0,Finance-California,Active,117910.15,-3192227050,Good,False
David,Smith,32.48454882571075,DevOps-Florida,Inactive,66450.0,-287675480,Average,True
Heidi,Garcia,25.0,Finance-Florida,Inactive,118646.95,-3866675484,Average,False
Alice,Jones,25.0,Finance-Florida,Active,88436.92,-8193242686,Excellent,False
Eva,Brown,32.48454882571075,Sales-New York,Pending,81934.55,-7418652056,Poor,False
Alice,Johnson,30.0,Finance-California,Pending,93383.06,-5639836519,Average,False
Frank,Davis,40.0,Cloud Tech-Texas,Pending,50153.79,-3758309450,Good,True
Eva,Smith,32.48454882571075,Sales-California,Pending,53204.47,-5480940475,Good,False
Charlie,Brown,40.0,Cloud Tech-California,Pending,63128.04,-440907976,Poor,False
Grace,Jones,30.0,Finance-New York,Pending,57543.6,-2781050921,Good,True
Bob,Brown,40.0,Finance-Nevada,Pending,59424.52,-2161070517,Good,False
Alice,Smith,32.48454882571075,Finance-Illinois,Inactive,104675.7,-4390552957,Poor,True
Charlie,Garcia,30.0,Cloud Tech-Florida,Pending,92431.25,-660138240,Average,False
Grace,Garcia,40.0,Sales-Nevada,Active,77850.9,-2704938619,Average,True
Eva,Miller,40.0,Admin-New York,Inactive,99001.0,-4485157918,Good,True
Eva,Garcia,32.48454882571075,HR-Nevada,Pending,94280.83,-7111212589,Good,True
Eva,Miller,35.0,DevOps-New York,Pending,118262.56,-2035713431,Average,True
Frank,Brown,25.0,HR-Illinois,Inactive,89944.67,-4064242955,Poor,False
Grace,Williams,32.48454882571075,HR-Florida,Active,57452.93,-3343244740,Good,True
Alice,Davis,25.0,Admin-California,Active,97837.32,-7595587208,Excellent,False
Alice,Davis,35.0,Admin-Illinois,Active,106981.84,-6289365434,Poor,True
David,Brown,32.48454882571075,Finance-New York,Pending,105778.36,-8841834373,Good,True
Alice,Johnson,40.0,Finance-Florida,Pending,117608.32,-182727954,Good,True
Eva,Johnson,30.0,Sales-Florida,Active,99324.03,-9690515025,Excellent,False
David,Garcia,30.0,HR-Florida,Active,55212.83,-7551254277,Excellent,True
Bob,Davis,40.0,Cloud Tech-Florida,Inactive,68496.77,-2079799666,Average,False
Eva,Davis,25.0,HR-Florida,Pending,52795.84,-3459576402,Poor,False
Alice,Miller,32.48454882571075,DevOps-California,Inactive,90087.39,-8166496901,Poor,False
Frank,Williams,32.48454882571075,Admin-New York,Pending,105038.08,-8249839224,Average,False
Grace,Smith,25.0,HR-New York,Active,73231.85,-142576269,Poor,False
David,Johnson,32.48454882571075,Sales-Florida,Pending,102649.36,-2324412335,Poor,False
Bob,Davis,35.0,Finance-New York,Pending,114302.51,-1328507250,Poor,False
Alice,Miller,35.0,Finance-Texas,Inactive,87816.61,-7863767315,Poor,False
Frank,Jones,32.48454882571075,Sales-Florida,Inactive,70750.38,-2526546967,Poor,False
Frank,Miller,32.48454882571075,Cloud Tech-Texas,Active,85155.05639558233,-1579039234,Excellent,True
Bob,Johnson,30.0,DevOps-Nevada,Active,97978.36,-5580996131,Poor,True
David,Johnson,32.48454882571075,DevOps-Nevada,Inactive,107172.8,-7303461561,Excellent,True
Charlie,Miller,25.0,Finance-Nevada,Inactive,56126.46,-6244670461,Poor,True
Eva,Smith,32.48454882571075,Cloud Tech-Illinois,Active,78534.29,-2681715159,Average,True
Grace,Brown,40.0,HR-Texas,Inactive,85155.05639558233,-2529867075,Good,False
Bob,Johnson,32.48454882571075,Cloud Tech-Nevada,Active,114963.34,-6046419784,Excellent,False
Eva,Miller,32.48454882571075,Cloud Tech-California,Inactive,77657.93,-7585126860,Poor,False
Heidi,Davis,30.0,Sales-New York,Active,77369.48,-2059438975,Average,False
Eva,Miller,30.0,HR-Nevada,Pending,76119.14,-740177508,Good,False
Charlie,Williams,25.0,Cloud Tech-Texas,Pending,77585.72,-5465408423,Excellent,False
Bob,Brown,35.0,Admin-Nevada,Pending,74069.62,-5607540914,Good,False
Charlie,Jones,30.0,Admin-New York,Pending,67691.92,-863218121,Average,True
Alice,Smith,32.48454882571075,Finance-Nevada,Pending,70345.69,-7645793896,Excellent,True
Bob,Garcia,30.0,DevOps-Illinois,Inactive,74999.69,-155029167,Good,True
David,Jones,25.0,HR-Illinois,Active,72245.02,-1546602415,Poor,True
Eva,Brown,32.48454882571075,Admin-Illinois,Pending,106538.98,-1394498829,Excellent,False
Charlie,Brown,25.0,HR-New York,Active,101787.14,-5973642479,Good,False
Frank,Brown,30.0,DevOps-Nevada,Inactive,83596.78,-9624406305,Average,False
Eva,Jones,40.0,Sales-Texas,Active,92463.94,-2447951329,Average,True
Charlie,Davis,32.48454882571075,Admin-California,Pending,93863.32,-5319497968,Excellent,False
Alice,Brown,32.48454882571075,DevOps-Texas,Pending,78359.41,-5867805554,Good,False
Alice,Miller,32.48454882571075,HR-Illinois,Pending,95773.57,-7277382645,Excellent,False
Grace,Jones,30.0,Sales-Nevada,Inactive,82529.08,-917851384,Excellent,True
Grace,Garcia,35.0,Sales-Texas,Pending,109358.73,-4457702991,Good,False
Charlie,Brown,32.48454882571075,Admin-Florida,Active,89645.01,-9596604872,Good,True
Charlie,Miller,40.0,HR-Texas,Active,84134.95,-6826911632,Poor,True
Frank,Davis,30.0,Cloud Tech-Nevada,Active,113540.83,-1942268652,Good,True
Heidi,Williams,40.0,Cloud Tech-Texas,Pending,57225.75,-6945515887,Average,True
Eva,Davis,35.0,Sales-Illinois,Pending,76366.17,-6367747225,Excellent,False
Bob,Garcia,32.48454882571075,HR-Florida,Active,78408.95,-4085721695,Excellent,True
Frank,Brown,40.0,Finance-Illinois,Active,111742.4,-6630932997,Average,True
David,Garcia,25.0,Sales-Nevada,Inactive,60516.83,-1996059328,Good,False
Bob,Jones,30.0,Finance-California,Pending,83706.17,-7150968831,Average,False
David,Johnson,32.48454882571075,Admin-Nevada,Inactive,67056.92,-7532735240,Average,True
Charlie,Brown,30.0,DevOps-Illinois,Active,90058.85,-397739731,Poor,False
Eva,Johnson,30.0,Sales-Florida,Pending,94633.59,-7819523709,Average,True
Eva,Miller,25.0,Admin-Florida,Pending,110711.17,-687616480,Excellent,True
Grace,Williams,32.48454882571075,Admin-Illinois,Active,96175.41,-9807704604,Average,True
Frank,Smith,40.0,Sales-Illinois,Active,76474.79,-6876112490,Excellent,True
Alice,Garcia,30.0,Sales-Illinois,Pending,107855.99,-2565237340,Excellent,False
Charlie,Davis,40.0,Sales-Illinois,Active,104870.78,-5177345474,Excellent,True
Bob,Williams,25.0,Finance-Nevada,Active,85155.05639558233,-7494902283,Good,False
Grace,Brown,32.48454882571075,Finance-California,Active,87087.16,-359544293,Poor,False
Heidi,Johnson,40.0,HR-Illinois,Pending,108603.34,-7742229463,Excellent,False
Grace,Davis,30.0,HR-Florida,Active,55867.23,-3039429044,Excellent,False
Grace,Johnson,35.0,Admin-Texas,Pending,105259.57,-8867925297,Good,True
Bob,Jones,32.48454882571075,Cloud Tech-Florida,Pending,98143.67,-5856728726,Excellent,False
Frank,Johnson,25.0,Admin-Florida,Pending,67754.29,-6015343323,Average,True
Grace,Jones,32.48454882571075,HR-Illinois,Inactive,77821.79,-9135779082,Average,False
Heidi,Miller,30.0,HR-Illinois,Pending,67764.44,-3506158147,Poor,False
Frank,Davis,40.0,DevOps-New York,Pending,102346.99,-8810798333,Excellent,True
Charlie,Davis,25.0,Admin-Illinois,Inactive,73690.65,-2337209483,Good,True
Alice,Smith,30.0,Finance-Nevada,Active,56376.2,-1312840332,Average,True
Grace,Brown,25.0,Cloud Tech-California,Active,55602.78,-9977180512,Good,False
Grace,Jones,40.0,Sales-Nevada,Pending,99812.41,-7171731892,Good,False
Charlie,Smith,40.0,Finance-Texas,Active,95981.9,-9749096172,Average,True
Eva,Johnson,30.0,Cloud Tech-Illinois,Pending,98891.48,-9970469471,Good,True
Alice,Johnson,35.0,Admin-Nevada,Active,56079.0,-5878444834,Average,True
Grace,Smith,35.0,DevOps-Florida,Inactive,85155.05639558233,-4884712704,Good,True
Bob,Davis,25.0,Sales-California,Pending,89137.97,-8772216416,Average,False
Frank,Johnson,35.0,Admin-Illinois,Active,115079.97,-5823133483,Excellent,True
Eva,Garcia,30.0,Finance-Illinois,Active,55067.02,-5871493924,Poor,True
Bob,Miller,32.48454882571075,HR-Illinois,Pending,98593.43,-2362292586,Average,True
Heidi,Miller,30.0,HR-Florida,Pending,112756.67,-9643474523,Average,True
Heidi,Garcia,25.0,HR-Texas,Inactive,105205.92,-5557469659,Poor,False
David,Smith,35.0,Finance-California,Pending,50680.62,-6065274032,Average,True
David,Garcia,35.0,Cloud Tech-Florida,Pending,107475.23,-4450566587,Average,False
Charlie,Jones,40.0,HR-California,Active,68835.3,-3398741131,Good,True
David,Jones,40.0,DevOps-New York,Active,66943.96,-5797067348,Poor,True
David,Smith,30.0,Admin-Illinois,Inactive,104525.69,-9601054856,Excellent,False
Bob,Garcia,40.0,Sales-Texas,Pending,109360.74,-4172156228,Average,True
Frank,Jones,40.0,Sales-California,Inactive,118907.63,-4938173597,Poor,False
Eva,Davis,40.0,Admin-Illinois,Active,86801.48,-4884021556,Good,False
Alice,Garcia,32.48454882571075,HR-Florida,Pending,62236.03,-3257375533,Excellent,True
Heidi,Davis,35.0,DevOps-Texas,Active,64752.67,-4902166669,Poor,False
Frank,Jones,35.0,Sales-California,Active,68399.43,-8085096084,Excellent,False
Frank,Miller,35.0,Admin-Florida,Inactive,79336.51,-8749511917,Excellent,False
Frank,Jones,40.0,HR-Florida,Active,59179.74,-1828197930,Excellent,False
David,Davis,25.0,DevOps-California,Active,80255.31,-6477251294,Average,False
Charlie,Williams,30.0,Finance-Texas,Active,84971.85,-7860694095,Average,False
Frank,Brown,40.0,HR-California,Pending,89748.42,-35624394,Good,False
Charlie,Johnson,25.0,Admin-California,Inactive,94090.35,-8739592322,Good,False
Frank,Garcia,35.0,HR-California,Pending,115229.12,-4210890284,Poor,True
Alice,Williams,40.0,Cloud Tech-California,Pending,63927.07,-1553334263,Good,True
Charlie,Jones,35.0,HR-California,Pending,84124.56,-3350271606,Excellent,False
Bob,Miller,40.0,Sales-California,Inactive,116961.61,-3607763368,Excellent,True
Frank,Smith,40.0,DevOps-Illinois,Pending,109423.05,-1128981230,Average,False
Charlie,Jones,35.0,Admin-California,Inactive,70394.94,-7955633184,Excellent,False
Grace,Miller,35.0,Finance-California,Pending,86465.5,-7481700665,Poor,True
Charlie,Brown,30.0,Cloud Tech-New York,Pending,96341.58,-1554164315,Excellent,False
Bob,Jones,30.0,Admin-Florida,Active,54465.47,-7045023289,Excellent,False
Alice,Davis,25.0,Finance-Illinois,Active,68371.66,-2822700933,Poor,False
Grace,Smith,35.0,Admin-New York,Pending,81021.23,-5962622821,Good,False
Charlie,Miller,25.0,Cloud Tech-Nevada,Inactive,114069.07,-5120734653,Good,True
Heidi,Miller,32.48454882571075,HR-Illinois,Inactive,117867.96,-9500507025,Poor,False
Charlie,Miller,32.48454882571075,Sales-Florida,Pending,94509.58,-869822104,Average,False
Eva,Brown,35.0,Finance-Illinois,Active,56268.78,-3161177686,Excellent,False
Grace,Jones,35.0,Admin-California,Active,86632.14,-2904774257,Poor,True
Charlie,Brown,35.0,HR-Florida,Pending,98143.9,-5917793237,Excellent,False
Heidi,Garcia,35.0,Cloud Tech-Florida,Inactive,85155.05639558233,-2231164912,Average,True
Frank,Johnson,30.0,Finance-Illinois,Inactive,67492.73,-3424579888,Excellent,True
Grace,Johnson,40.0,Admin-California,Active,93772.61,-4256529059,Poor,False
Eva,Garcia,35.0,DevOps-Nevada,Pending,68817.54,-3202032649,Excellent,False
Bob,Jones,30.0,Admin-California,Active,81874.01,-9775396736,Good,True
Heidi,Davis,30.0,HR-Texas,Active,117880.14,-9487148551,Average,False
Bob,Brown,35.0,HR-New York,Pending,100897.49,-4578715840,Average,True
Charlie,Smith,25.0,Finance-New York,Inactive,71810.37,-5608213710,Average,True
Frank,Miller,40.0,DevOps-Texas,Inactive,109048.24,-8425476817,Poor,False
Alice,Miller,35.0,Finance-Texas,Pending,62712.26,-2683230357,Average,False
Eva,Jones,40.0,Cloud Tech-Texas,Pending,76935.85,-9298808582,Good,True
David,Davis,25.0,Admin-Florida,Pending,56577.22,-8252129327,Poor,True
David,Johnson,40.0,Finance-Nevada,Inactive,61102.8,-9634064685,Good,True
Bob,Johnson,35.0,Finance-Nevada,Inactive,75229.87,-7752401483,Excellent,True
David,Miller,25.0,Admin-Nevada,Inactive,51054.74,-3991062271,Excellent,False
Bob,Jones,40.0,Admin-Texas,Active,104843.27,-3626693350,Excellent,False
Charlie,Brown,35.0,Cloud Tech-New York,Active,56398.11,-3426192371,Excellent,False
Alice,Johnson,25.0,HR-Nevada,Active,87544.73,-4501848196,Good,False
Heidi,Brown,30.0,HR-Illinois,Pending,74312.24,-3741897214,Poor,False
David,Davis,25.0,DevOps-Florida,Inactive,59431.25,-4064176926,Poor,True
Heidi,Johnson,40.0,Sales-California,Pending,84306.44,-4381199536,Average,False
Frank,Johnson,35.0,DevOps-Florida,Inactive,108194.47,-6601444855,Good,False
Charlie,Williams,25.0,Sales-New York,Inactive,107359.3,-4510173972,Excellent,False
Heidi,Johnson,25.0,DevOps-Illinois,Inactive,85155.05639558233,-9641789968,Good,False
Frank,Garcia,32.48454882571075,Admin-California,Pending,96080.26,-8609191910,Average,False
Grace,Smith,30.0,Sales-Nevada,Inactive,88602.75,-3599660576,Average,True
Frank,Garcia,40.0,DevOps-California,Active,86624.04,-9806603919,Good,True
Charlie,Jones,30.0,Cloud Tech-New York,Active,63413.16,-5146074554,Good,True
Grace,Jones,40.0,Sales-Illinois,Pending,67915.7,-3470574237,Good,False
Bob,Brown,25.0,Admin-Nevada,Inactive,108245.44,-8565271558,Poor,True
Alice,Garcia,35.0,Sales-Nevada,Inactive,75834.81,-8354116596,Excellent,True
Eva,Garcia,32.48454882571075,Cloud Tech-Nevada,Active,71273.32,-2634755751,Good,False
Bob,Garcia,25.0,DevOps-New York,Pending,63262.23,-2501394883,Good,False
David,Davis,32.48454882571075,DevOps-New York,Pending,89069.91,-8826913118,Good,False
Frank,Johnson,40.0,DevOps-Nevada,Inactive,57287.17,-6425856260,Average,True
Grace,Smith,32.48454882571075,HR-Nevada,Active,119890.35,-4991537037,Average,True
Frank,Brown,35.0,Sales-California,Inactive,103492.91,-2407333372,Poor,False
Frank,Garcia,32.48454882571075,Admin-Illinois,Pending,76254.42,-2043097767,Excellent,False
Eva,Garcia,35.0,Finance-Florida,Inactive,100841.93,-8936289695,Poor,True
Alice,Williams,32.48454882571075,Admin-California,Active,118907.61,-4546553584,Excellent,True
Frank,Brown,25.0,DevOps-California,Pending,88942.62,-1253892186,Average,False
Charlie,Garcia,25.0,Cloud Tech-Florida,Inactive,59688.57,-8519358373,Average,False
David,Brown,30.0,HR-California,Active,77985.88,-9079779611,Average,True
Bob,Johnson,35.0,Finance-New York,Inactive,112931.69,-878057214,Poor,False
Bob,Williams,32.48454882571075,DevOps-California,Active,106583.88,-1494097625,Good,True
Alice,Brown,35.0,HR-Florida,Inactive,58437.84,-3748453985,Good,True
Alice,Smith,40.0,Cloud Tech-California,Pending,72352.16,-2895090590,Average,True
Frank,Smith,32.48454882571075,DevOps-New York,Active,97154.47,-1918623391,Good,True
Heidi,Jones,32.48454882571075,Sales-Illinois,Active,80235.5,-2071511695,Good,False
Charlie,Williams,30.0,HR-Texas,Inactive,102172.05,-6672521451,Poor,False
Eva,Williams,25.0,Finance-Illinois,Inactive,98850.94,-6471246334,Excellent,True
Heidi,Jones,32.48454882571075,Admin-Florida,Inactive,89993.15,-1571840907,Average,True
David,Brown,30.0,Cloud Tech-California,Inactive,97931.66,-512080055,Average,True
Bob,Williams,40.0,Finance-California,Inactive,72451.69,-4099512396,Poor,True
Alice,Smith,35.0,Admin-California,Pending,119311.14,-2835129591,Poor,True
Charlie,Smith,40.0,Cloud Tech-New York,Active,76167.46,-7282709080,Good,False
Bob,Garcia,25.0,DevOps-Texas,Active,114871.08,-4415298216,Average,False
Eva,Johnson,25.0,HR-Nevada,Active,81504.31,-3929578670,Excellent,False
David,Williams,32.48454882571075,Admin-New York,Pending,102524.86,-8153523735,Poor,False
Charlie,Brown,25.0,Finance-Illinois,Pending,53043.74,-507918157,Excellent,True
Eva,Jones,30.0,DevOps-Illinois,Inactive,82547.26,-9988683451,Excellent,True
Bob,Jones,40.0,DevOps-California,Pending,113900.81,-7346666169,Average,True
Bob,Brown,25.0,HR-Nevada,Inactive,118585.5,-7158796473,Average,True
Bob,Davis,35.0,Finance-Illinois,Pending,63049.22,-803149981,Poor,True
Heidi,Miller,32.48454882571075,DevOps-Texas,Active,114558.91,-5080046357,Average,False
Heidi,Johnson,40.0,DevOps-New York,Active,97901.79,-688285030,Average,True
Eva,Jones,30.0,Sales-California,Active,68037.56,-7235137398,Average,False
Alice,Williams,32.48454882571075,HR-New York,Active,112802.27,-63140351,Excellent,False
Bob,Johnson,40.0,Sales-Nevada,Pending,93786.72,-6356022938,Poor,False
David,Williams,32.48454882571075,Admin-Florida,Inactive,73049.93,-4694346065,Good,False
David,Davis,30.0,Sales-Illinois,Pending,64161.72,-6437490606,Excellent,True
Charlie,Smith,40.0,Admin-Nevada,Pending,72224.73,-2311127127,Average,False
Bob,Johnson,30.0,HR-New York,Pending,103580.45,-5246484493,Excellent,False
Grace,Garcia,40.0,HR-Florida,Pending,112589.11,-1163187327,Average,False
Eva,Jones,30.0,Admin-Texas,Active,51833.88,-771130620,Average,True
Eva,Johnson,32.48454882571075,Sales-Illinois,Active,66252.78,-1369572789,Excellent,True
Frank,Johnson,25.0,DevOps-Florida,Active,109229.68,-8335090253,Poor,True
Frank,Johnson,30.0,Finance-Florida,Inactive,61465.05,-2573066247,Average,False
Grace,Miller,25.0,HR-Florida,Active,96993.74,-1323570712,Poor,False
David,Johnson,25.0,Admin-Florida,Pending,98150.39,-9848228500,Good,True
David,Williams,40.0,Finance-Texas,Pending,107703.0,-1688092549,Average,False
Grace,Smith,32.48454882571075,DevOps-Illinois,Pending,86766.14,-2130609068,Poor,True
Alice,Davis,32.48454882571075,Cloud Tech-Florida,Inactive,111443.69,-1309810795,Poor,True
David,Brown,32.48454882571075,Sales-Florida,Pending,89039.07,-4967379456,Good,False
Alice,Johnson,30.0,HR-Florida,Inactive,71318.79,-7278532425,Poor,False
Heidi,Jones,30.0,Finance-California,Pending,98296.71,-4250642075,Poor,False
Heidi,Johnson,40.0,Cloud Tech-Nevada,Pending,62584.0,-8362536666,Good,False
Charlie,Jones,40.0,Finance-California,Inactive,62521.5,-7767555627,Average,True
David,Williams,40.0,Cloud Tech-California,Inactive,95400.35,-3333939577,Poor,True
Charlie,Jones,25.0,Cloud Tech-Texas,Pending,94385.07,-6543627186,Poor,True
Grace,Garcia,32.48454882571075,Sales-New York,Inactive,76642.49,-4960335825,Poor,True
Frank,Brown,32.48454882571075,DevOps-New York,Active,60122.52,-8627036923,Excellent,True
Alice,Smith,40.0,HR-California,Pending,117267.63,-9269326572,Good,False
Charlie,Jones,25.0,Admin-New York,Active,85155.05639558233,-2759980110,Excellent,True
Heidi,Jones,40.0,Sales-Texas,Pending,84542.68,-5155322,Good,True
Heidi,Smith,40.0,Finance-Florida,Active,92007.15,-4159597751,Average,True
Eva,Brown,32.48454882571075,DevOps-Illinois,Active,62938.8,-4418222617,Average,False
Frank,Johnson,25.0,Admin-Texas,Pending,108661.01,-9628874311,Poor,False
Bob,Jones,25.0,Cloud Tech-Florida,Active,97046.33,-7102676719,Good,False
Charlie,Smith,40.0,DevOps-Illinois,Inactive,56518.84,-9579927078,Average,False
Frank,Garcia,40.0,Cloud Tech-Florida,Pending,70498.29,-5515122945,Good,True
Eva,Garcia,35.0,Sales-Florida,Pending,98708.06,-2135415969,Average,True
Bob,Williams,32.48454882571075,DevOps-Nevada,Pending,83856.41,-9962543847,Excellent,False
Eva,Smith,40.0,Sales-California,Inactive,90259.99,-752034475,Average,False
Charlie,Williams,32.48454882571075,Sales-Florida,Pending,94230.03,-5047158028,Excellent,True
Charlie,Garcia,32.48454882571075,Admin-Nevada,Inactive,50110.66,-904637659,Average,True
Bob,Brown,30.0,Sales-Florida,Inactive,73365.46,-4655866524,Poor,False
David,Johnson,25.0,DevOps-New York,Pending,67809.23,-4837441714,Excellent,False
Eva,Smith,32.48454882571075,Sales-California,Active,98008.51,-8102131250,Average,False
Alice,Davis,30.0,Admin-California,Inactive,83537.58,-2931100590,Poor,False
Alice,Garcia,30.0,Finance-New York,Pending,112444.08,-2975191022,Excellent,True
Frank,Garcia,40.0,Finance-Nevada,Active,86475.13,-1211063300,Poor,True
Frank,Davis,32.48454882571075,Sales-Texas,Active,97984.53,-6583737926,Good,True
Frank,Miller,25.0,Admin-California,Active,118853.31,-4907280122,Good,False
Charlie,Garcia,32.48454882571075,Sales-Florida,Active,58179.12,-4289311324,Excellent,False
Eva,Jones,35.0,DevOps-Texas,Inactive,56075.84,-3269496842,Average,True
Frank,Brown,40.0,HR-New York,Pending,62250.89,-6453804420,Excellent,True
Alice,Smith,30.0,Cloud Tech-Florida,Pending,105931.77,-175096169,Poor,True
Charlie,Davis,30.0,HR-Florida,Pending,86653.96,-1595919456,Average,True
Charlie,Jones,25.0,Sales-Nevada,Active,100719.94,-5757475832,Good,False
Bob,Davis,25.0,HR-Texas,Pending,91600.13,-9205677566,Average,True
Heidi,Smith,25.0,Cloud Tech-Illinois,Pending,71873.66,-7722660255,Good,True
Eva,Williams,30.0,HR-New York,Active,69365.47,-2650622922,Average,True
Heidi,Smith,25.0,HR-New York,Active,58012.23,-1067245306,Average,True
Bob,Miller,30.0,Sales-California,Pending,68973.65,-6248433796,Average,True
Eva,Smith,32.48454882571075,Admin-New York,Active,92928.4,-6627051156,Poor,True
Heidi,Smith,25.0,Admin-Texas,Inactive,53531.92,-9423873669,Poor,True
Bob,Miller,40.0,Finance-New York,Pending,112389.31,-4254969191,Excellent,False
Heidi,Brown,32.48454882571075,HR-California,Inactive,63870.3,-8455259709,Excellent,False
Bob,Garcia,40.0,Sales-New York,Active,106164.53,-7563353573,Good,False
Bob,Smith,40.0,HR-Nevada,Pending,103654.54,-8595325938,Poor,False
David,Miller,30.0,Sales-California,Inactive,62834.72,-9337970580,Good,True
Frank,Jones,35.0,Finance-Florida,Active,83273.41,-6295187793,Excellent,False
Heidi,Williams,30.0,HR-California,Pending,58917.58,-1763425072,Good,False
Bob,Williams,35.0,Sales-Nevada,Active,71148.27,-3055978244,Excellent,True
Grace,Smith,30.0,Sales-New York,Pending,118172.42,-7598339913,Poor,True
Frank,Brown,30.0,DevOps-Illinois,Inactive,118614.37,-388436603,Average,False
Frank,Brown,32.48454882571075,DevOps-New York,Active,96872.36,-4324006156,Poor,False
Heidi,Jones,25.0,Sales-Illinois,Inactive,88856.14,-2768297513,Good,True
Charlie,Smith,35.0,Finance-Texas,Pending,97985.61,-7439742924,Good,False
Grace,Williams,35.0,Finance-Nevada,Pending,56337.31,-105875255,Poor,True
Alice,Brown,30.0,DevOps-New York,Inactive,70405.23,-8065625903,Poor,True
Heidi,Smith,30.0,Admin-Nevada,Inactive,89919.35,-5990802710,Excellent,True
Eva,Davis,40.0,DevOps-California,Active,50568.35,-2218231554,Good,True
Grace,Brown,30.0,HR-Texas,Inactive,85155.05639558233,-1651768085,Good,False
Frank,Miller,25.0,HR-Texas,Active,99155.53,-6281372142,Poor,True
Frank,Davis,40.0,Finance-Florida,Inactive,64785.13,-3080037002,Average,True
Charlie,Garcia,30.0,Sales-Florida,Inactive,79206.48,-3228556607,Good,False
Charlie,Brown,30.0,Cloud Tech-Texas,Pending,60079.71,-4706810389,Average,True
Grace,Williams,30.0,Cloud Tech-New York,Pending,79109.88,-3397051957,Poor,False
Grace,Johnson,32.48454882571075,Admin-Florida,Pending,88643.5,-2632809447,Poor,False
Frank,Davis,30.0,Admin-Florida,Pending,90455.7,-5862394534,Excellent,False
David,Garcia,32.48454882571075,HR-Florida,Pending,75687.9,-4614707985,Good,True
Heidi,Jones,35.0,Cloud Tech-Illinois,Inactive,55604.42,-3210613393,Average,False
Eva,Jones,40.0,Sales-Texas,Pending,92704.94,-3945703942,Excellent,False
Bob,Williams,32.48454882571075,Sales-California,Pending,113250.97,-8040325375,Good,True
Alice,Brown,40.0,Finance-Illinois,Inactive,101367.02,-5769277893,Excellent,False
Eva,Smith,35.0,Admin-Texas,Pending,102459.77,-3191009003,Poor,False
Eva,Brown,25.0,DevOps-Florida,Pending,90100.2,-476921052,Good,False
Eva,Williams,32.48454882571075,Cloud Tech-California,Inactive,58877.49,-3651460400,Excellent,False
Eva,Jones,35.0,Admin-Illinois,Inactive,85155.05639558233,-4247310719,Excellent,False
Bob,Brown,32.48454882571075,Admin-Illinois,Pending,96140.89,-1137984408,Average,True
Charlie,Jones,35.0,DevOps-New York,Inactive,105956.04,-7123166006,Excellent,False
Frank,Davis,25.0,Admin-Illinois,Active,84716.38,-6762090143,Good,False
Grace,Garcia,30.0,DevOps-Florida,Pending,61709.83,-7340433699,Good,True
Frank,Smith,25.0,DevOps-California,Active,61732.03,-9687304518,Average,True
Eva,Davis,40.0,DevOps-Illinois,Active,97845.7,-5778255881,Good,True
Eva,Jones,30.0,Sales-Florida,Active,114905.58,-5562965753,Poor,False
Frank,Jones,32.48454882571075,DevOps-Texas,Active,94619.69,-2786561941,Good,True
Grace,Johnson,32.48454882571075,DevOps-California,Inactive,68696.15,-5577820581,Good,False
Grace,Johnson,40.0,DevOps-Nevada,Active,97032.29,-9582923615,Excellent,False
Frank,Davis,30.0,HR-Illinois,Active,50593.33,-1880819047,Excellent,True
Grace,Miller,25.0,Sales-Texas,Pending,74606.15,-2357155867,Good,True
Eva,Davis,30.0,Cloud Tech-Texas,Pending,53981.73,-6395613722,Average,False
David,Johnson,32.48454882571075,DevOps-Texas,Pending,56047.05,-817214363,Excellent,True
Grace,Jones,32.48454882571075,Admin-Texas,Pending,67733.5,-3813000412,Average,False
Bob,Williams,40.0,HR-Florida,Pending,103891.64,-2114716559,Good,True
Charlie,Davis,25.0,HR-Texas,Inactive,73285.83,-9456534698,Good,True
Eva,Jones,30.0,Finance-Texas,Inactive,92721.13,-7990707549,Poor,True
Heidi,Williams,25.0,Admin-Illinois,Inactive,92977.64,-4768169956,Excellent,False
Heidi,Williams,35.0,Cloud Tech-Texas,Active,89994.12,-607174810,Good,True
Heidi,Johnson,25.0,Finance-New York,Pending,50060.73,-3176539704,Poor,False
Grace,Davis,35.0,Admin-Nevada,Inactive,90224.82,-4873961028,Excellent,False
Heidi,Brown,40.0,Finance-Florida,Pending,106859.3,-871827495,Good,False
David,Smith,25.0,Finance-Nevada,Inactive,89707.07,-8049187273,Good,False
Frank,Johnson,35.0,DevOps-California,Inactive,94259.08,-2049561212,Excellent,True
Bob,Johnson,35.0,Sales-California,Active,82174.75,-7730626041,Excellent,False
David,Brown,30.0,Sales-Texas,Inactive,63370.22,-3597371121,Excellent,False
Bob,Smith,35.0,Finance-Texas,Pending,101472.69,-2990775607,Good,True
David,Jones,25.0,DevOps-Illinois,Active,77213.73,-5816704685,Good,False
Eva,Miller,40.0,Sales-Florida,Active,73749.96,-1114576831,Poor,True
Alice,Davis,40.0,Cloud Tech-New York,Pending,86618.37,-1021923784,Average,False
Charlie,Miller,32.48454882571075,Admin-Texas,Active,59911.33,-8471296179,Excellent,True
Heidi,Jones,32.48454882571075,Cloud Tech-New York,Pending,59137.64,-3324260507,Good,False
Alice,Garcia,35.0,Cloud Tech-Florida,Pending,108474.65,-184980424,Good,True
Bob,Johnson,25.0,Finance-Illinois,Pending,54417.71,-3733777311,Excellent,False
Frank,Smith,40.0,HR-Texas,Pending,88211.94,-6881228216,Average,False
David,Johnson,25.0,Sales-New York,Inactive,58452.18,-8192365345,Excellent,True
Grace,Williams,30.0,DevOps-California,Pending,80706.28,-605603566,Average,True
Alice,Johnson,30.0,Cloud Tech-Nevada,Pending,85155.05639558233,-9327986238,Good,True
Heidi,Johnson,25.0,Cloud Tech-Texas,Active,99471.89,-8471690617,Average,True
Eva,Jones,40.0,DevOps-Florida,Pending,64431.22,-1205464753,Poor,False
Heidi,Jones,40.0,Admin-New York,Pending,52633.48,-8954787697,Good,False
Heidi,Jones,32.48454882571075,Cloud Tech-Nevada,Inactive,79315.01,-9992751757,Poor,True
David,Miller,25.0,Sales-Texas,Pending,110391.17,-8914444982,Excellent,False
David,Williams,40.0,DevOps-Nevada,Active,53714.83,-5539354357,Excellent,True
Charlie,Garcia,40.0,Finance-New York,Active,114587.11,-6449639242,Excellent,True
Frank,Garcia,35.0,Admin-Florida,Inactive,93177.35,-5885379820,Average,False
Heidi,Jones,25.0,Cloud Tech-Nevada,Active,62312.13,-4339527535,Good,False
Heidi,Smith,32.48454882571075,Cloud Tech-Texas,Active,81137.46,-7497852490,Excellent,False
Grace,Miller,30.0,DevOps-Nevada,Inactive,104528.27,-4168601346,Excellent,False
Bob,Brown,30.0,DevOps-Florida,Active,112395.56,-7894896339,Good,False
Heidi,Smith,25.0,Finance-New York,Active,81849.36,-6791766511,Excellent,False
Charlie,Davis,40.0,DevOps-New York,Pending,118288.91,-2150014187,Poor,False
Charlie,Davis,25.0,DevOps-Illinois,Active,59555.1,-4216309000,Good,True
Heidi,Smith,40.0,Admin-California,Active,70661.31,-5944633398,Good,True
Charlie,Jones,32.48454882571075,Sales-New York,Active,109988.16,-9485320894,Good,True
David,Brown,32.48454882571075,Finance-Florida,Inactive,101101.24,-3263890218,Poor,True
David,Brown,30.0,HR-Florida,Pending,112427.58,-9471136336,Good,True
Charlie,Miller,32.48454882571075,Cloud Tech-Florida,Active,119389.15,-9223410345,Poor,False
Alice,Brown,40.0,Sales-Florida,Inactive,105861.23,-9967331166,Good,True
Heidi,Davis,40.0,Admin-Texas,Pending,50869.61,-7269608436,Average,True
David,Williams,30.0,HR-California,Active,85155.05639558233,-6855078966,Excellent,True
Eva,Jones,30.0,DevOps-Florida,Pending,90856.21,-9352196262,Average,True
Heidi,Brown,30.0,DevOps-Florida,Active,111008.63,-3556434368,Excellent,True
Alice,Miller,25.0,Finance-Nevada,Inactive,52289.99,-7093170694,Poor,True
Eva,Davis,32.48454882571075,Sales-Illinois,Active,97926.56,-5607676163,Average,True
Frank,Williams,25.0,Sales-Nevada,Inactive,53609.38,-5345472238,Good,False
Heidi,Johnson,32.48454882571075,Cloud Tech-California,Inactive,95372.09,-8983065030,Excellent,False
David,Johnson,30.0,HR-New York,Pending,95432.69,-2198041846,Excellent,True
David,Williams,30.0,HR-California,Inactive,97615.87,-2426423641,Average,False
Bob,Davis,35.0,HR-Florida,Inactive,86867.78,-8131909247,Poor,False
Eva,Miller,40.0,Sales-California,Pending,106615.71,-7623039110,Average,False
Bob,Williams,30.0,Finance-Texas,Active,112856.21,-4281785227,Poor,False
Bob,Jones,25.0,Admin-California,Active,60356.78,-2305248087,Poor,True
David,Jones,32.48454882571075,DevOps-Texas,Inactive,117870.22,-622072238,Excellent,False
Charlie,Johnson,40.0,HR-Florida,Inactive,95127.91,-5947372131,Average,False
Bob,Brown,25.0,Admin-Illinois,Pending,78818.42,-9016204786,Average,False
Frank,Miller,40.0,Sales-Nevada,Pending,108933.55,-6886878598,Poor,True
Eva,Johnson,32.48454882571075,Admin-California,Active,68200.52,-6486287202,Average,True
Eva,Brown,25.0,Admin-California,Inactive,116934.97,-1954196663,Good,True
Charlie,Brown,32.48454882571075,HR-New York,Active,99567.78,-5057303626,Good,True
Charlie,Garcia,30.0,Admin-Texas,Active,90216.76,-9246320373,Average,True
Frank,Jones,30.0,Admin-Illinois,Pending,96588.73,-7677537259,Average,True
Charlie,Davis,35.0,Finance-Illinois,Active,71109.18,-3214505765,Poor,True
Grace,Smith,40.0,Admin-Florida,Inactive,50300.6,-1945887070,Good,False
Frank,Davis,35.0,Finance-California,Pending,60295.84,-5534820127,Good,False
Heidi,Smith,35.0,DevOps-Texas,Pending,113012.21,-4008385075,Excellent,False
Bob,Williams,35.0,Cloud Tech-Florida,Pending,65425.54,-5975954507,Poor,True
Frank,Jones,25.0,Sales-Nevada,Active,86850.37,-9177680897,Excellent,True
Eva,Brown,30.0,Cloud Tech-Texas,Pending,81182.07,-1265742230,Good,True
Bob,Miller,32.48454882571075,Finance-New York,Inactive,92222.03,-9646300401,Poor,True
Alice,Smith,35.0,Finance-New York,Pending,79934.83,-3693626893,Average,True
Alice,Davis,35.0,HR-California,Inactive,111201.12,-3012047136,Poor,False
Heidi,Brown,40.0,Finance-California,Active,100960.05,-2711759573,Average,False
Grace,Smith,30.0,Sales-Illinois,Active,64544.87,-9885582983,Average,True
Frank,Smith,25.0,Sales-Florida,Active,78662.24,-9330674583,Poor,True
Grace,Garcia,30.0,Sales-Florida,Pending,102867.06,-7609441282,Average,True
Charlie,Smith,40.0,HR-Illinois,Inactive,107595.95,-3372188565,Excellent,True
Eva,Miller,40.0,Sales-Nevada,Inactive,85155.05639558233,-6954132970,Good,False
Eva,Jones,35.0,DevOps-Nevada,Inactive,95766.91,-5066626704,Average,True
Grace,Miller,30.0,Finance-Nevada,Pending,51990.98,-5143776935,Excellent,True
Heidi,Johnson,25.0,Sales-Nevada,Inactive,83634.01,-6343925294,Average,True
Eva,Brown,40.0,DevOps-Texas,Inactive,85155.05639558233,-9611110285,Good,True
Eva,Jones,30.0,Sales-Texas,Active,82273.08,-7120072023,Excellent,False
Frank,Garcia,30.0,Cloud Tech-California,Inactive,94537.3,-5591024509,Good,True
Alice,Jones,35.0,HR-Illinois,Pending,85970.65,-9109032670,Good,True
Charlie,Jones,25.0,Sales-New York,Pending,111071.02,-4949819420,Excellent,False
Eva,Davis,35.0,DevOps-Nevada,Pending,56708.34,-7942817933,Excellent,False
Charlie,Jones,25.0,Admin-Illinois,Inactive,104516.55,-652775843,Excellent,False
Charlie,Garcia,25.0,Admin-New York,Pending,108210.15,-6634533721,Poor,True
Bob,Miller,40.0,Finance-Texas,Active,85155.05639558233,-109121721,Excellent,True
Frank,Jones,35.0,DevOps-California,Active,80935.65,-1455937660,Excellent,False
Frank,Williams,30.0,DevOps-California,Active,107020.19,-8943705262,Excellent,False
Charlie,Brown,30.0,HR-New York,Active,118677.67,-5100462775,Excellent,False
Bob,Jones,25.0,Cloud Tech-Florida,Inactive,63744.57,-5725659201,Average,False
Alice,Brown,40.0,Cloud Tech-California,Active,85155.05639558233,-4617520237,Poor,False
Bob,Williams,25.0,Sales-New York,Pending,62934.73,-9743260054,Good,False
Bob,Williams,30.0,DevOps-California,Pending,74654.23,-9550178331,Excellent,True
David,Brown,32.48454882571075,Sales-Texas,Active,85155.05639558233,-5848689992,Average,True
David,Smith,30.0,HR-New York,Pending,118150.59,-6079848703,Average,True
David,Johnson,32.48454882571075,DevOps-Florida,Inactive,91256.64,-5069176798,Average,False
Bob,Davis,30.0,HR-Florida,Inactive,85997.57,-3593744038,Good,False
Frank,Smith,25.0,Finance-Texas,Pending,84707.12,-4640830372,Excellent,False
Eva,Smith,32.48454882571075,DevOps-Texas,Active,84559.9,-6060148859,Poor,False
Heidi,Miller,32.48454882571075,DevOps-California,Pending,81076.91,-8490793883,Poor,False
Eva,Davis,40.0,Admin-Texas,Inactive,85155.05639558233,-1368528305,Average,False
Heidi,Davis,25.0,Finance-Florida,Pending,97356.31,-1537012423,Good,True
Grace,Smith,40.0,DevOps-Illinois,Active,114770.32,-4626325143,Good,True
Bob,Jones,35.0,Admin-California,Active,109082.07,-8811210313,Good,False
David,Miller,40.0,DevOps-Florida,Inactive,99944.57,-2175188780,Poor,True
Eva,Miller,40.0,HR-Florida,Pending,116509.72,-7941515262,Average,False
Eva,Williams,30.0,Finance-Texas,Active,84253.9,-8409112251,Excellent,True
Charlie,Garcia,25.0,Cloud Tech-Nevada,Active,54776.01,-8837505660,Poor,False
Charlie,Davis,40.0,Sales-Nevada,Inactive,71192.68,-8632397912,Average,False
Bob,Smith,32.48454882571075,Finance-Florida,Active,96346.53,-7876553006,Average,True
Eva,Williams,32.48454882571075,HR-Illinois,Pending,116680.63,-3095055604,Excellent,True
Grace,Brown,25.0,Finance-Florida,Inactive,76343.56,-7121988191,Excellent,False
Alice,Johnson,30.0,Sales-Nevada,Inactive,99424.14,-7788519052,Excellent,False
Charlie,Garcia,35.0,DevOps-Florida,Inactive,57656.74,-4864010423,Good,True
Heidi,Garcia,40.0,Sales-New York,Pending,77396.94,-6245618516,Excellent,True
Grace,Garcia,32.48454882571075,DevOps-California,Inactive,54299.68,-4460045211,Average,False
Charlie,Miller,35.0,HR-Nevada,Pending,103563.58,-8991511454,Excellent,True
Grace,Brown,25.0,Finance-California,Inactive,74588.85,-1293913043,Average,False
David,Garcia,30.0,DevOps-California,Pending,113727.23,-8818984840,Poor,False
Eva,Brown,25.0,HR-New York,Active,72828.18,-6046154020,Good,False
Grace,Jones,32.48454882571075,Sales-Florida,Inactive,98717.09,-1901707567,Poor,False
Frank,Garcia,40.0,Sales-Florida,Inactive,56840.8,-1429831521,Poor,True
David,Johnson,35.0,Finance-Illinois,Pending,61663.91,-9107322835,Average,True
Grace,Brown,30.0,Finance-Nevada,Active,109523.4,-849378305,Poor,True
Eva,Brown,25.0,HR-Illinois,Inactive,65812.02,-3963845268,Average,True
Bob,Johnson,32.48454882571075,Cloud Tech-Illinois,Inactive,54708.88,-6944391648,Excellent,True
Heidi,Garcia,40.0,Admin-California,Active,107661.73,-7016934291,Excellent,True
Eva,Johnson,40.0,DevOps-Illinois,Inactive,79002.0,-9132033015,Average,True
Heidi,Brown,32.48454882571075,Admin-Texas,Pending,86135.69,-2341903105,Excellent,False
Heidi,Johnson,30.0,DevOps-Nevada,Inactive,115601.4,-1537221555,Good,True
Grace,Brown,32.48454882571075,DevOps-Nevada,Active,64045.36,-6847323652,Poor,True
David,Brown,30.0,DevOps-Nevada,Inactive,80477.21,-3774604066,Good,False
Bob,Jones,30.0,Finance-California,Inactive,61240.9,-2007843613,Poor,True
David,Smith,40.0,Admin-Texas,Active,51939.29,-2442607818,Excellent,True
Eva,Brown,40.0,Finance-Illinois,Inactive,95284.54,-7543734763,Good,False
Charlie,Garcia,35.0,Admin-Texas,Inactive,106247.67,-2737203762,Excellent,True
Charlie,Williams,25.0,DevOps-Florida,Active,110170.88,-8821458413,Poor,True
Charlie,Miller,25.0,HR-Nevada,Pending,52615.44,-8460191343,Average,True
Eva,Davis,30.0,DevOps-Illinois,Inactive,82547.26,-3899827801,Average,False
Bob,Smith,35.0,Finance-Illinois,Pending,63049.22,-586950731,Good,True
Frank,Smith,35.0,HR-California,Pending,115229.12,-1464493698,Excellent,True
Grace,Smith,25.0,DevOps-Illinois,Pending,60687.63,-9516793349,Excellent,False
Frank,Jones,30.0,Finance-Illinois,Inactive,67492.73,-5573857367,Good,True
Grace,Brown,32.48454882571075,HR-Illinois,Inactive,77821.79,-119236036,Average,False
Charlie,Jones,35.0,DevOps-Texas,Active,69146.95,-6811872332,Poor,False
Grace,Brown,35.0,Admin-Nevada,Inactive,90224.82,-5104096148,Good,True
David,Garcia,32.48454882571075,Finance-Illinois,Pending,62603.98,-7315391148,Poor,False
Bob,Jones,35.0,Sales-Nevada,Active,71148.27,-8307482072,Average,False
David,Jones,40.0,Admin-California,Inactive,52031.74,-6511893939,Excellent,True
Grace,Miller,35.0,DevOps-Florida,Inactive,85155.05639558233,-6557820189,Average,False
Eva,Williams,32.48454882571075,HR-Illinois,Pending,116680.63,-4322302332,Good,False
Grace,Jones,30.0,Finance-Nevada,Pending,51990.98,-2470739200,Excellent,True
David,Miller,30.0,HR-California,Active,85155.05639558233,-3546212759,Good,True
David,Johnson,30.0,Cloud Tech-Texas,Inactive,100215.06,-2508261122,Good,True
Charlie,Williams,40.0,Finance-New York,Active,114587.11,-1261632487,Average,False
Alice,Garcia,30.0,HR-Florida,Inactive,71318.79,-8995729892,Good,True
Heidi,Jones,30.0,DevOps-Illinois,Pending,77764.24,-7629745492,Average,False
